,attA,attB,defA,defB,midA,midB,ratA,ratB,tierA,tierB,winA
0,82.33,84.0,74.17,78.83,83.0,82.5,79.0,81.55,2.0,2.0,-1.0
1,82.33,84.5,74.17,79.0,83.0,85.33,79.0,82.82,2.0,2.0,1.0
2,82.33,87.25,74.17,81.17,83.0,84.0,79.0,84.18,2.0,1.0,1.0
3,82.33,78.0,74.17,72.33,83.0,76.0,79.0,74.45,2.0,3.0,-1.0
4,82.33,77.33,74.17,77.5,83.0,78.5,79.0,77.82,2.0,2.0,0.0
5,82.33,79.75,74.17,71.67,83.0,79.0,79.0,76.55,2.0,3.0,1.0
6,82.33,80.5,74.17,77.67,83.0,81.0,79.0,79.55,2.0,2.0,0.0
7,82.33,82.0,74.17,78.83,83.0,79.0,79.0,80.36,2.0,2.0,-1.0
8,82.33,79.33,74.17,76.5,83.0,77.0,79.0,77.45,2.0,2.0,-1.0
9,82.33,90.33,74.17,86.33,83.0,91.0,79.0,88.64,2.0,1.0,1.0
10,82.33,86.0,74.17,83.0,83.0,87.5,79.0,85.55,2.0,1.0,-1.0
11,82.33,85.5,74.17,81.67,83.0,87.67,79.0,84.55,2.0,1.0,-1.0
12,82.33,90.0,74.17,85.5,83.0,89.0,79.0,87.64,2.0,1.0,-1.0
13,82.33,92.33,74.17,89.0,83.0,91.5,79.0,90.73,2.0,1.0,-1.0
14,82.33,88.0,74.17,88.5,83.0,89.67,79.0,88.82,2.0,1.0,-1.0
15,82.33,75.5,74.17,74.67,83.0,77.67,79.0,75.82,2.0,3.0,1.0
16,82.33,88.5,74.17,81.67,83.0,85.0,79.0,84.64,2.0,1.0,-1.0
17,82.33,90.0,74.17,85.33,83.0,89.5,79.0,87.73,2.0,1.0,-1.0
18,82.33,82.0,74.17,80.5,83.0,83.33,79.0,81.82,2.0,2.0,0.0
19,82.33,85.5,74.17,82.0,83.0,84.0,79.0,83.45,2.0,2.0,0.0
20,82.33,90.5,74.17,88.5,83.0,90.0,79.0,89.45,2.0,1.0,-1.0
21,82.33,84.0,74.17,80.83,83.0,85.0,79.0,82.64,2.0,2.0,0.0
22,82.33,85.67,74.17,83.33,83.0,85.5,79.0,84.45,2.0,1.0,-1.0
23,82.33,80.0,74.17,75.17,83.0,75.75,79.0,75.91,2.0,3.0,1.0
24,82.33,85.0,74.17,80.33,83.0,83.75,79.0,82.45,2.0,2.0,-1.0
25,82.33,72.0,74.17,68.17,83.0,71.67,79.0,70.91,2.0,3.0,1.0
26,82.33,91.25,74.17,85.67,83.0,90.0,79.0,89.0,2.0,1.0,-1.0
27,82.33,91.67,74.17,87.5,83.0,88.5,79.0,89.09,2.0,1.0,-1.0
28,82.33,83.5,74.17,82.67,83.0,89.0,79.0,83.64,2.0,2.0,0.0
29,82.33,77.5,74.17,74.83,83.0,78.33,79.0,76.91,2.0,3.0,1.0
30,82.33,89.5,74.17,84.5,83.0,84.33,79.0,85.45,2.0,1.0,-1.0
31,84.0,82.33,78.83,74.17,82.5,83.0,81.55,79.0,2.0,2.0,1.0
32,84.0,84.5,78.83,79.0,82.5,85.33,81.55,82.82,2.0,2.0,0.0
33,84.0,87.25,78.83,81.17,82.5,84.0,81.55,84.18,2.0,1.0,1.0
34,84.0,78.0,78.83,72.33,82.5,76.0,81.55,74.45,2.0,3.0,1.0
35,84.0,77.33,78.83,77.5,82.5,78.5,81.55,77.82,2.0,2.0,0.0
36,84.0,79.75,78.83,71.67,82.5,79.0,81.55,76.55,2.0,3.0,1.0
37,84.0,80.5,78.83,77.67,82.5,81.0,81.55,79.55,2.0,2.0,0.0
38,84.0,82.0,78.83,78.83,82.5,79.0,81.55,80.36,2.0,2.0,1.0
39,84.0,79.33,78.83,76.5,82.5,77.0,81.55,77.45,2.0,2.0,0.0
40,84.0,90.33,78.83,86.33,82.5,91.0,81.55,88.64,2.0,1.0,-1.0
41,84.0,86.0,78.83,83.0,82.5,87.5,81.55,85.55,2.0,1.0,-1.0
42,84.0,85.5,78.83,81.67,82.5,87.67,81.55,84.55,2.0,1.0,-1.0
43,84.0,90.0,78.83,85.5,82.5,89.0,81.55,87.64,2.0,1.0,-1.0
44,84.0,92.33,78.83,89.0,82.5,91.5,81.55,90.73,2.0,1.0,-1.0
45,84.0,88.0,78.83,88.5,82.5,89.67,81.55,88.82,2.0,1.0,-1.0
46,84.0,75.5,78.83,74.67,82.5,77.67,81.55,75.82,2.0,3.0,1.0
47,84.0,88.5,78.83,81.67,82.5,85.0,81.55,84.64,2.0,1.0,-1.0
48,84.0,90.0,78.83,85.33,82.5,89.5,81.55,87.73,2.0,1.0,-1.0
49,84.0,82.0,78.83,80.5,82.5,83.33,81.55,81.82,2.0,2.0,0.0
50,84.0,85.5,78.83,82.0,82.5,84.0,81.55,83.45,2.0,2.0,0.0
51,84.0,90.5,78.83,88.5,82.5,90.0,81.55,89.45,2.0,1.0,-1.0
52,84.0,84.0,78.83,80.83,82.5,85.0,81.55,82.64,2.0,2.0,0.0
53,84.0,85.67,78.83,83.33,82.5,85.5,81.55,84.45,2.0,1.0,-1.0
54,84.0,80.0,78.83,75.17,82.5,75.75,81.55,75.91,2.0,3.0,1.0
55,84.0,85.0,78.83,80.33,82.5,83.75,81.55,82.45,2.0,2.0,0.0
56,84.0,72.0,78.83,68.17,82.5,71.67,81.55,70.91,2.0,3.0,1.0
57,84.0,91.25,78.83,85.67,82.5,90.0,81.55,89.0,2.0,1.0,-1.0
58,84.0,91.67,78.83,87.5,82.5,88.5,81.55,89.09,2.0,1.0,-1.0
59,84.0,83.5,78.83,82.67,82.5,89.0,81.55,83.64,2.0,2.0,0.0
60,84.0,77.5,78.83,74.83,82.5,78.33,81.55,76.91,2.0,3.0,1.0
61,84.0,89.5,78.83,84.5,82.5,84.33,81.55,85.45,2.0,1.0,-1.0
62,84.5,82.33,79.0,74.17,85.33,83.0,82.82,79.0,2.0,2.0,-1.0
63,84.5,84.0,79.0,78.83,85.33,82.5,82.82,81.55,2.0,2.0,0.0
64,84.5,87.25,79.0,81.17,85.33,84.0,82.82,84.18,2.0,1.0,1.0
65,84.5,78.0,79.0,72.33,85.33,76.0,82.82,74.45,2.0,3.0,0.0
66,84.5,77.33,79.0,77.5,85.33,78.5,82.82,77.82,2.0,2.0,0.0
67,84.5,79.75,79.0,71.67,85.33,79.0,82.82,76.55,2.0,3.0,1.0
68,84.5,80.5,79.0,77.67,85.33,81.0,82.82,79.55,2.0,2.0,0.0
69,84.5,82.0,79.0,78.83,85.33,79.0,82.82,80.36,2.0,2.0,-1.0
70,84.5,79.33,79.0,76.5,85.33,77.0,82.82,77.45,2.0,2.0,0.0
71,84.5,90.33,79.0,86.33,85.33,91.0,82.82,88.64,2.0,1.0,-1.0
72,84.5,86.0,79.0,83.0,85.33,87.5,82.82,85.55,2.0,1.0,-1.0
73,84.5,85.5,79.0,81.67,85.33,87.67,82.82,84.55,2.0,1.0,-1.0
74,84.5,90.0,79.0,85.5,85.33,89.0,82.82,87.64,2.0,1.0,-1.0
75,84.5,92.33,79.0,89.0,85.33,91.5,82.82,90.73,2.0,1.0,-1.0
76,84.5,88.0,79.0,88.5,85.33,89.67,82.82,88.82,2.0,1.0,-1.0
77,84.5,75.5,79.0,74.67,85.33,77.67,82.82,75.82,2.0,3.0,1.0
78,84.5,88.5,79.0,81.67,85.33,85.0,82.82,84.64,2.0,1.0,-1.0
79,84.5,90.0,79.0,85.33,85.33,89.5,82.82,87.73,2.0,1.0,-1.0
80,84.5,82.0,79.0,80.5,85.33,83.33,82.82,81.82,2.0,2.0,0.0
81,84.5,85.5,79.0,82.0,85.33,84.0,82.82,83.45,2.0,2.0,0.0
82,84.5,90.5,79.0,88.5,85.33,90.0,82.82,89.45,2.0,1.0,-1.0
83,84.5,84.0,79.0,80.83,85.33,85.0,82.82,82.64,2.0,2.0,0.0
84,84.5,85.67,79.0,83.33,85.33,85.5,82.82,84.45,2.0,1.0,-1.0
85,84.5,80.0,79.0,75.17,85.33,75.75,82.82,75.91,2.0,3.0,1.0
86,84.5,85.0,79.0,80.33,85.33,83.75,82.82,82.45,2.0,2.0,0.0
87,84.5,72.0,79.0,68.17,85.33,71.67,82.82,70.91,2.0,3.0,1.0
88,84.5,91.25,79.0,85.67,85.33,90.0,82.82,89.0,2.0,1.0,-1.0
89,84.5,91.67,79.0,87.5,85.33,88.5,82.82,89.09,2.0,1.0,-1.0
90,84.5,83.5,79.0,82.67,85.33,89.0,82.82,83.64,2.0,2.0,-1.0
91,84.5,77.5,79.0,74.83,85.33,78.33,82.82,76.91,2.0,3.0,1.0
92,84.5,89.5,79.0,84.5,85.33,84.33,82.82,85.45,2.0,1.0,-1.0
93,87.25,82.33,81.17,74.17,84.0,83.0,84.18,79.0,1.0,2.0,-1.0
94,87.25,84.0,81.17,78.83,84.0,82.5,84.18,81.55,1.0,2.0,-1.0
95,87.25,84.5,81.17,79.0,84.0,85.33,84.18,82.82,1.0,2.0,-1.0
96,87.25,78.0,81.17,72.33,84.0,76.0,84.18,74.45,1.0,3.0,-1.0
97,87.25,77.33,81.17,77.5,84.0,78.5,84.18,77.82,1.0,2.0,1.0
98,87.25,79.75,81.17,71.67,84.0,79.0,84.18,76.55,1.0,3.0,1.0
99,87.25,80.5,81.17,77.67,84.0,81.0,84.18,79.55,1.0,2.0,1.0
100,87.25,82.0,81.17,78.83,84.0,79.0,84.18,80.36,1.0,2.0,1.0
101,87.25,79.33,81.17,76.5,84.0,77.0,84.18,77.45,1.0,2.0,1.0
102,87.25,90.33,81.17,86.33,84.0,91.0,84.18,88.64,1.0,1.0,0.0
103,87.25,86.0,81.17,83.0,84.0,87.5,84.18,85.55,1.0,1.0,0.0
104,87.25,85.5,81.17,81.67,84.0,87.67,84.18,84.55,1.0,1.0,0.0
105,87.25,90.0,81.17,85.5,84.0,89.0,84.18,87.64,1.0,1.0,0.0
106,87.25,92.33,81.17,89.0,84.0,91.5,84.18,90.73,1.0,1.0,0.0
107,87.25,88.0,81.17,88.5,84.0,89.67,84.18,88.82,1.0,1.0,0.0
108,87.25,75.5,81.17,74.67,84.0,77.67,84.18,75.82,1.0,3.0,1.0
109,87.25,88.5,81.17,81.67,84.0,85.0,84.18,84.64,1.0,1.0,0.0
110,87.25,90.0,81.17,85.33,84.0,89.5,84.18,87.73,1.0,1.0,0.0
111,87.25,82.0,81.17,80.5,84.0,83.33,84.18,81.82,1.0,2.0,1.0
112,87.25,85.5,81.17,82.0,84.0,84.0,84.18,83.45,1.0,2.0,1.0
113,87.25,90.5,81.17,88.5,84.0,90.0,84.18,89.45,1.0,1.0,0.0
114,87.25,84.0,81.17,80.83,84.0,85.0,84.18,82.64,1.0,2.0,1.0
115,87.25,85.67,81.17,83.33,84.0,85.5,84.18,84.45,1.0,1.0,0.0
116,87.25,80.0,81.17,75.17,84.0,75.75,84.18,75.91,1.0,3.0,1.0
117,87.25,85.0,81.17,80.33,84.0,83.75,84.18,82.45,1.0,2.0,1.0
118,87.25,72.0,81.17,68.17,84.0,71.67,84.18,70.91,1.0,3.0,1.0
119,87.25,91.25,81.17,85.67,84.0,90.0,84.18,89.0,1.0,1.0,0.0
120,87.25,91.67,81.17,87.5,84.0,88.5,84.18,89.09,1.0,1.0,0.0
121,87.25,83.5,81.17,82.67,84.0,89.0,84.18,83.64,1.0,2.0,1.0
122,87.25,77.5,81.17,74.83,84.0,78.33,84.18,76.91,1.0,3.0,1.0
123,87.25,89.5,81.17,84.5,84.0,84.33,84.18,85.45,1.0,1.0,0.0
124,78.0,82.33,72.33,74.17,76.0,83.0,74.45,79.0,3.0,2.0,1.0
125,78.0,84.0,72.33,78.83,76.0,82.5,74.45,81.55,3.0,2.0,-1.0
126,78.0,84.5,72.33,79.0,76.0,85.33,74.45,82.82,3.0,2.0,0.0
127,78.0,87.25,72.33,81.17,76.0,84.0,74.45,84.18,3.0,1.0,1.0
128,78.0,77.33,72.33,77.5,76.0,78.5,74.45,77.82,3.0,2.0,-1.0
129,78.0,79.75,72.33,71.67,76.0,79.0,74.45,76.55,3.0,3.0,0.0
130,78.0,80.5,72.33,77.67,76.0,81.0,74.45,79.55,3.0,2.0,-1.0
131,78.0,82.0,72.33,78.83,76.0,79.0,74.45,80.36,3.0,2.0,1.0
132,78.0,79.33,72.33,76.5,76.0,77.0,74.45,77.45,3.0,2.0,-1.0
133,78.0,90.33,72.33,86.33,76.0,91.0,74.45,88.64,3.0,1.0,0.0
134,78.0,86.0,72.33,83.0,76.0,87.5,74.45,85.55,3.0,1.0,-1.0
135,78.0,85.5,72.33,81.67,76.0,87.67,74.45,84.55,3.0,1.0,-1.0
136,78.0,90.0,72.33,85.5,76.0,89.0,74.45,87.64,3.0,1.0,-1.0
137,78.0,92.33,72.33,89.0,76.0,91.5,74.45,90.73,3.0,1.0,-1.0
138,78.0,88.0,72.33,88.5,76.0,89.67,74.45,88.82,3.0,1.0,-1.0
139,78.0,75.5,72.33,74.67,76.0,77.67,74.45,75.82,3.0,3.0,0.0
140,78.0,88.5,72.33,81.67,76.0,85.0,74.45,84.64,3.0,1.0,-1.0
141,78.0,90.0,72.33,85.33,76.0,89.5,74.45,87.73,3.0,1.0,-1.0
142,78.0,82.0,72.33,80.5,76.0,83.33,74.45,81.82,3.0,2.0,-1.0
143,78.0,85.5,72.33,82.0,76.0,84.0,74.45,83.45,3.0,2.0,-1.0
144,78.0,90.5,72.33,88.5,76.0,90.0,74.45,89.45,3.0,1.0,-1.0
145,78.0,84.0,72.33,80.83,76.0,85.0,74.45,82.64,3.0,2.0,-1.0
146,78.0,85.67,72.33,83.33,76.0,85.5,74.45,84.45,3.0,1.0,-1.0
147,78.0,80.0,72.33,75.17,76.0,75.75,74.45,75.91,3.0,3.0,0.0
148,78.0,85.0,72.33,80.33,76.0,83.75,74.45,82.45,3.0,2.0,-1.0
149,78.0,72.0,72.33,68.17,76.0,71.67,74.45,70.91,3.0,3.0,0.0
150,78.0,91.25,72.33,85.67,76.0,90.0,74.45,89.0,3.0,1.0,-1.0
151,78.0,91.67,72.33,87.5,76.0,88.5,74.45,89.09,3.0,1.0,-1.0
152,78.0,83.5,72.33,82.67,76.0,89.0,74.45,83.64,3.0,2.0,-1.0
153,78.0,77.5,72.33,74.83,76.0,78.33,74.45,76.91,3.0,3.0,0.0
154,78.0,89.5,72.33,84.5,76.0,84.33,74.45,85.45,3.0,1.0,-1.0
155,77.33,82.33,77.5,74.17,78.5,83.0,77.82,79.0,2.0,2.0,0.0
156,77.33,84.0,77.5,78.83,78.5,82.5,77.82,81.55,2.0,2.0,0.0
157,77.33,84.5,77.5,79.0,78.5,85.33,77.82,82.82,2.0,2.0,0.0
158,77.33,87.25,77.5,81.17,78.5,84.0,77.82,84.18,2.0,1.0,-1.0
159,77.33,78.0,77.5,72.33,78.5,76.0,77.82,74.45,2.0,3.0,1.0
160,77.33,79.75,77.5,71.67,78.5,79.0,77.82,76.55,2.0,3.0,0.0
161,77.33,80.5,77.5,77.67,78.5,81.0,77.82,79.55,2.0,2.0,-1.0
162,77.33,82.0,77.5,78.83,78.5,79.0,77.82,80.36,2.0,2.0,-1.0
163,77.33,79.33,77.5,76.5,78.5,77.0,77.82,77.45,2.0,2.0,1.0
164,77.33,90.33,77.5,86.33,78.5,91.0,77.82,88.64,2.0,1.0,-1.0
165,77.33,86.0,77.5,83.0,78.5,87.5,77.82,85.55,2.0,1.0,-1.0
166,77.33,85.5,77.5,81.67,78.5,87.67,77.82,84.55,2.0,1.0,-1.0
167,77.33,90.0,77.5,85.5,78.5,89.0,77.82,87.64,2.0,1.0,0.0
168,77.33,92.33,77.5,89.0,78.5,91.5,77.82,90.73,2.0,1.0,-1.0
169,77.33,88.0,77.5,88.5,78.5,89.67,77.82,88.82,2.0,1.0,-1.0
170,77.33,75.5,77.5,74.67,78.5,77.67,77.82,75.82,2.0,3.0,1.0
171,77.33,88.5,77.5,81.67,78.5,85.0,77.82,84.64,2.0,1.0,-1.0
172,77.33,90.0,77.5,85.33,78.5,89.5,77.82,87.73,2.0,1.0,-1.0
173,77.33,82.0,77.5,80.5,78.5,83.33,77.82,81.82,2.0,2.0,0.0
174,77.33,85.5,77.5,82.0,78.5,84.0,77.82,83.45,2.0,2.0,0.0
175,77.33,90.5,77.5,88.5,78.5,90.0,77.82,89.45,2.0,1.0,-1.0
176,77.33,84.0,77.5,80.83,78.5,85.0,77.82,82.64,2.0,2.0,0.0
177,77.33,85.67,77.5,83.33,78.5,85.5,77.82,84.45,2.0,1.0,-1.0
178,77.33,80.0,77.5,75.17,78.5,75.75,77.82,75.91,2.0,3.0,1.0
179,77.33,85.0,77.5,80.33,78.5,83.75,77.82,82.45,2.0,2.0,0.0
180,77.33,72.0,77.5,68.17,78.5,71.67,77.82,70.91,2.0,3.0,1.0
181,77.33,91.25,77.5,85.67,78.5,90.0,77.82,89.0,2.0,1.0,-1.0
182,77.33,91.67,77.5,87.5,78.5,88.5,77.82,89.09,2.0,1.0,-1.0
183,77.33,83.5,77.5,82.67,78.5,89.0,77.82,83.64,2.0,2.0,-1.0
184,77.33,77.5,77.5,74.83,78.5,78.33,77.82,76.91,2.0,3.0,1.0
185,77.33,89.5,77.5,84.5,78.5,84.33,77.82,85.45,2.0,1.0,-1.0
186,79.75,82.33,71.67,74.17,79.0,83.0,76.55,79.0,3.0,2.0,-1.0
187,79.75,84.0,71.67,78.83,79.0,82.5,76.55,81.55,3.0,2.0,-1.0
188,79.75,84.5,71.67,79.0,79.0,85.33,76.55,82.82,3.0,2.0,-1.0
189,79.75,87.25,71.67,81.17,79.0,84.0,76.55,84.18,3.0,1.0,-1.0
190,79.75,78.0,71.67,72.33,79.0,76.0,76.55,74.45,3.0,3.0,0.0
191,79.75,77.33,71.67,77.5,79.0,78.5,76.55,77.82,3.0,2.0,0.0
192,79.75,80.5,71.67,77.67,79.0,81.0,76.55,79.55,3.0,2.0,-1.0
193,79.75,82.0,71.67,78.83,79.0,79.0,76.55,80.36,3.0,2.0,1.0
194,79.75,79.33,71.67,76.5,79.0,77.0,76.55,77.45,3.0,2.0,1.0
195,79.75,90.33,71.67,86.33,79.0,91.0,76.55,88.64,3.0,1.0,-1.0
196,79.75,86.0,71.67,83.0,79.0,87.5,76.55,85.55,3.0,1.0,-1.0
197,79.75,85.5,71.67,81.67,79.0,87.67,76.55,84.55,3.0,1.0,-1.0
198,79.75,90.0,71.67,85.5,79.0,89.0,76.55,87.64,3.0,1.0,-1.0
199,79.75,92.33,71.67,89.0,79.0,91.5,76.55,90.73,3.0,1.0,-1.0
200,79.75,88.0,71.67,88.5,79.0,89.67,76.55,88.82,3.0,1.0,-1.0
201,79.75,75.5,71.67,74.67,79.0,77.67,76.55,75.82,3.0,3.0,0.0
202,79.75,88.5,71.67,81.67,79.0,85.0,76.55,84.64,3.0,1.0,-1.0
203,79.75,90.0,71.67,85.33,79.0,89.5,76.55,87.73,3.0,1.0,-1.0
204,79.75,82.0,71.67,80.5,79.0,83.33,76.55,81.82,3.0,2.0,1.0
205,79.75,85.5,71.67,82.0,79.0,84.0,76.55,83.45,3.0,2.0,-1.0
206,79.75,90.5,71.67,88.5,79.0,90.0,76.55,89.45,3.0,1.0,-1.0
207,79.75,84.0,71.67,80.83,79.0,85.0,76.55,82.64,3.0,2.0,-1.0
208,79.75,85.67,71.67,83.33,79.0,85.5,76.55,84.45,3.0,1.0,-1.0
209,79.75,80.0,71.67,75.17,79.0,75.75,76.55,75.91,3.0,3.0,0.0
210,79.75,85.0,71.67,80.33,79.0,83.75,76.55,82.45,3.0,2.0,-1.0
211,79.75,72.0,71.67,68.17,79.0,71.67,76.55,70.91,3.0,3.0,0.0
212,79.75,91.25,71.67,85.67,79.0,90.0,76.55,89.0,3.0,1.0,-1.0
213,79.75,91.67,71.67,87.5,79.0,88.5,76.55,89.09,3.0,1.0,-1.0
214,79.75,83.5,71.67,82.67,79.0,89.0,76.55,83.64,3.0,2.0,-1.0
215,79.75,77.5,71.67,74.83,79.0,78.33,76.55,76.91,3.0,3.0,0.0
216,79.75,89.5,71.67,84.5,79.0,84.33,76.55,85.45,3.0,1.0,-1.0
217,80.5,82.33,77.67,74.17,81.0,83.0,79.55,79.0,2.0,2.0,0.0
218,80.5,84.0,77.67,78.83,81.0,82.5,79.55,81.55,2.0,2.0,0.0
219,80.5,84.5,77.67,79.0,81.0,85.33,79.55,82.82,2.0,2.0,0.0
220,80.5,87.25,77.67,81.17,81.0,84.0,79.55,84.18,2.0,1.0,-1.0
221,80.5,78.0,77.67,72.33,81.0,76.0,79.55,74.45,2.0,3.0,1.0
222,80.5,77.33,77.67,77.5,81.0,78.5,79.55,77.82,2.0,2.0,1.0
223,80.5,79.75,77.67,71.67,81.0,79.0,79.55,76.55,2.0,3.0,1.0
224,80.5,82.0,77.67,78.83,81.0,79.0,79.55,80.36,2.0,2.0,-1.0
225,80.5,79.33,77.67,76.5,81.0,77.0,79.55,77.45,2.0,2.0,1.0
226,80.5,90.33,77.67,86.33,81.0,91.0,79.55,88.64,2.0,1.0,1.0
227,80.5,86.0,77.67,83.0,81.0,87.5,79.55,85.55,2.0,1.0,-1.0
228,80.5,85.5,77.67,81.67,81.0,87.67,79.55,84.55,2.0,1.0,-1.0
229,80.5,90.0,77.67,85.5,81.0,89.0,79.55,87.64,2.0,1.0,-1.0
230,80.5,92.33,77.67,89.0,81.0,91.5,79.55,90.73,2.0,1.0,-1.0
231,80.5,88.0,77.67,88.5,81.0,89.67,79.55,88.82,2.0,1.0,-1.0
232,80.5,75.5,77.67,74.67,81.0,77.67,79.55,75.82,2.0,3.0,1.0
233,80.5,88.5,77.67,81.67,81.0,85.0,79.55,84.64,2.0,1.0,1.0
234,80.5,90.0,77.67,85.33,81.0,89.5,79.55,87.73,2.0,1.0,-1.0
235,80.5,82.0,77.67,80.5,81.0,83.33,79.55,81.82,2.0,2.0,0.0
236,80.5,85.5,77.67,82.0,81.0,84.0,79.55,83.45,2.0,2.0,-1.0
237,80.5,90.5,77.67,88.5,81.0,90.0,79.55,89.45,2.0,1.0,-1.0
238,80.5,84.0,77.67,80.83,81.0,85.0,79.55,82.64,2.0,2.0,-1.0
239,80.5,85.67,77.67,83.33,81.0,85.5,79.55,84.45,2.0,1.0,-1.0
240,80.5,80.0,77.67,75.17,81.0,75.75,79.55,75.91,2.0,3.0,1.0
241,80.5,85.0,77.67,80.33,81.0,83.75,79.55,82.45,2.0,2.0,0.0
242,80.5,72.0,77.67,68.17,81.0,71.67,79.55,70.91,2.0,3.0,1.0
243,80.5,91.25,77.67,85.67,81.0,90.0,79.55,89.0,2.0,1.0,-1.0
244,80.5,91.67,77.67,87.5,81.0,88.5,79.55,89.09,2.0,1.0,-1.0
245,80.5,83.5,77.67,82.67,81.0,89.0,79.55,83.64,2.0,2.0,0.0
246,80.5,77.5,77.67,74.83,81.0,78.33,79.55,76.91,2.0,3.0,0.0
247,80.5,89.5,77.67,84.5,81.0,84.33,79.55,85.45,2.0,1.0,-1.0
248,82.0,82.33,78.83,74.17,79.0,83.0,80.36,79.0,2.0,2.0,1.0
249,82.0,84.0,78.83,78.83,79.0,82.5,80.36,81.55,2.0,2.0,-1.0
250,82.0,84.5,78.83,79.0,79.0,85.33,80.36,82.82,2.0,2.0,1.0
251,82.0,87.25,78.83,81.17,79.0,84.0,80.36,84.18,2.0,1.0,-1.0
252,82.0,78.0,78.83,72.33,79.0,76.0,80.36,74.45,2.0,3.0,-1.0
253,82.0,77.33,78.83,77.5,79.0,78.5,80.36,77.82,2.0,2.0,1.0
254,82.0,79.75,78.83,71.67,79.0,79.0,80.36,76.55,2.0,3.0,-1.0
255,82.0,80.5,78.83,77.67,79.0,81.0,80.36,79.55,2.0,2.0,1.0
256,82.0,79.33,78.83,76.5,79.0,77.0,80.36,77.45,2.0,2.0,0.0
257,82.0,90.33,78.83,86.33,79.0,91.0,80.36,88.64,2.0,1.0,-1.0
258,82.0,86.0,78.83,83.0,79.0,87.5,80.36,85.55,2.0,1.0,-1.0
259,82.0,85.5,78.83,81.67,79.0,87.67,80.36,84.55,2.0,1.0,-1.0
260,82.0,90.0,78.83,85.5,79.0,89.0,80.36,87.64,2.0,1.0,-1.0
261,82.0,92.33,78.83,89.0,79.0,91.5,80.36,90.73,2.0,1.0,-1.0
262,82.0,88.0,78.83,88.5,79.0,89.67,80.36,88.82,2.0,1.0,0.0
263,82.0,75.5,78.83,74.67,79.0,77.67,80.36,75.82,2.0,3.0,1.0
264,82.0,88.5,78.83,81.67,79.0,85.0,80.36,84.64,2.0,1.0,-1.0
265,82.0,90.0,78.83,85.33,79.0,89.5,80.36,87.73,2.0,1.0,-1.0
266,82.0,82.0,78.83,80.5,79.0,83.33,80.36,81.82,2.0,2.0,0.0
267,82.0,85.5,78.83,82.0,79.0,84.0,80.36,83.45,2.0,2.0,-1.0
268,82.0,90.5,78.83,88.5,79.0,90.0,80.36,89.45,2.0,1.0,-1.0
269,82.0,84.0,78.83,80.83,79.0,85.0,80.36,82.64,2.0,2.0,-1.0
270,82.0,85.67,78.83,83.33,79.0,85.5,80.36,84.45,2.0,1.0,-1.0
271,82.0,80.0,78.83,75.17,79.0,75.75,80.36,75.91,2.0,3.0,-1.0
272,82.0,85.0,78.83,80.33,79.0,83.75,80.36,82.45,2.0,2.0,-1.0
273,82.0,72.0,78.83,68.17,79.0,71.67,80.36,70.91,2.0,3.0,1.0
274,82.0,91.25,78.83,85.67,79.0,90.0,80.36,89.0,2.0,1.0,-1.0
275,82.0,91.67,78.83,87.5,79.0,88.5,80.36,89.09,2.0,1.0,-1.0
276,82.0,83.5,78.83,82.67,79.0,89.0,80.36,83.64,2.0,2.0,1.0
277,82.0,77.5,78.83,74.83,79.0,78.33,80.36,76.91,2.0,3.0,1.0
278,82.0,89.5,78.83,84.5,79.0,84.33,80.36,85.45,2.0,1.0,-1.0
279,79.33,82.33,76.5,74.17,77.0,83.0,77.45,79.0,2.0,2.0,1.0
280,79.33,84.0,76.5,78.83,77.0,82.5,77.45,81.55,2.0,2.0,0.0
281,79.33,84.5,76.5,79.0,77.0,85.33,77.45,82.82,2.0,2.0,0.0
282,79.33,87.25,76.5,81.17,77.0,84.0,77.45,84.18,2.0,1.0,-1.0
283,79.33,78.0,76.5,72.33,77.0,76.0,77.45,74.45,2.0,3.0,1.0
284,79.33,77.33,76.5,77.5,77.0,78.5,77.45,77.82,2.0,2.0,-1.0
285,79.33,79.75,76.5,71.67,77.0,79.0,77.45,76.55,2.0,3.0,-1.0
286,79.33,80.5,76.5,77.67,77.0,81.0,77.45,79.55,2.0,2.0,-1.0
287,79.33,82.0,76.5,78.83,77.0,79.0,77.45,80.36,2.0,2.0,0.0
288,79.33,90.33,76.5,86.33,77.0,91.0,77.45,88.64,2.0,1.0,-1.0
289,79.33,86.0,76.5,83.0,77.0,87.5,77.45,85.55,2.0,1.0,-1.0
290,79.33,85.5,76.5,81.67,77.0,87.67,77.45,84.55,2.0,1.0,-1.0
291,79.33,90.0,76.5,85.5,77.0,89.0,77.45,87.64,2.0,1.0,-1.0
292,79.33,92.33,76.5,89.0,77.0,91.5,77.45,90.73,2.0,1.0,-1.0
293,79.33,88.0,76.5,88.5,77.0,89.67,77.45,88.82,2.0,1.0,-1.0
294,79.33,75.5,76.5,74.67,77.0,77.67,77.45,75.82,2.0,3.0,1.0
295,79.33,88.5,76.5,81.67,77.0,85.0,77.45,84.64,2.0,1.0,-1.0
296,79.33,90.0,76.5,85.33,77.0,89.5,77.45,87.73,2.0,1.0,-1.0
297,79.33,82.0,76.5,80.5,77.0,83.33,77.45,81.82,2.0,2.0,0.0
298,79.33,85.5,76.5,82.0,77.0,84.0,77.45,83.45,2.0,2.0,0.0
299,79.33,90.5,76.5,88.5,77.0,90.0,77.45,89.45,2.0,1.0,-1.0
300,79.33,84.0,76.5,80.83,77.0,85.0,77.45,82.64,2.0,2.0,0.0
301,79.33,85.67,76.5,83.33,77.0,85.5,77.45,84.45,2.0,1.0,-1.0
302,79.33,80.0,76.5,75.17,77.0,75.75,77.45,75.91,2.0,3.0,-1.0
303,79.33,85.0,76.5,80.33,77.0,83.75,77.45,82.45,2.0,2.0,-1.0
304,79.33,72.0,76.5,68.17,77.0,71.67,77.45,70.91,2.0,3.0,1.0
305,79.33,91.25,76.5,85.67,77.0,90.0,77.45,89.0,2.0,1.0,-1.0
306,79.33,91.67,76.5,87.5,77.0,88.5,77.45,89.09,2.0,1.0,-1.0
307,79.33,83.5,76.5,82.67,77.0,89.0,77.45,83.64,2.0,2.0,0.0
308,79.33,77.5,76.5,74.83,77.0,78.33,77.45,76.91,2.0,3.0,1.0
309,79.33,89.5,76.5,84.5,77.0,84.33,77.45,85.45,2.0,1.0,-1.0
310,90.33,82.33,86.33,74.17,91.0,83.0,88.64,79.0,1.0,2.0,-1.0
311,90.33,84.0,86.33,78.83,91.0,82.5,88.64,81.55,1.0,2.0,1.0
312,90.33,84.5,86.33,79.0,91.0,85.33,88.64,82.82,1.0,2.0,1.0
313,90.33,87.25,86.33,81.17,91.0,84.0,88.64,84.18,1.0,1.0,0.0
314,90.33,78.0,86.33,72.33,91.0,76.0,88.64,74.45,1.0,3.0,0.0
315,90.33,77.33,86.33,77.5,91.0,78.5,88.64,77.82,1.0,2.0,1.0
316,90.33,79.75,86.33,71.67,91.0,79.0,88.64,76.55,1.0,3.0,1.0
317,90.33,80.5,86.33,77.67,91.0,81.0,88.64,79.55,1.0,2.0,-1.0
318,90.33,82.0,86.33,78.83,91.0,79.0,88.64,80.36,1.0,2.0,1.0
319,90.33,79.33,86.33,76.5,91.0,77.0,88.64,77.45,1.0,2.0,1.0
320,90.33,86.0,86.33,83.0,91.0,87.5,88.64,85.55,1.0,1.0,-1.0
321,90.33,85.5,86.33,81.67,91.0,87.67,88.64,84.55,1.0,1.0,-1.0
322,90.33,90.0,86.33,85.5,91.0,89.0,88.64,87.64,1.0,1.0,-1.0
323,90.33,92.33,86.33,89.0,91.0,91.5,88.64,90.73,1.0,1.0,-1.0
324,90.33,88.0,86.33,88.5,91.0,89.67,88.64,88.82,1.0,1.0,-1.0
325,90.33,75.5,86.33,74.67,91.0,77.67,88.64,75.82,1.0,3.0,1.0
326,90.33,88.5,86.33,81.67,91.0,85.0,88.64,84.64,1.0,1.0,-1.0
327,90.33,90.0,86.33,85.33,91.0,89.5,88.64,87.73,1.0,1.0,-1.0
328,90.33,82.0,86.33,80.5,91.0,83.33,88.64,81.82,1.0,2.0,1.0
329,90.33,85.5,86.33,82.0,91.0,84.0,88.64,83.45,1.0,2.0,1.0
330,90.33,90.5,86.33,88.5,91.0,90.0,88.64,89.45,1.0,1.0,-1.0
331,90.33,84.0,86.33,80.83,91.0,85.0,88.64,82.64,1.0,2.0,1.0
332,90.33,85.67,86.33,83.33,91.0,85.5,88.64,84.45,1.0,1.0,0.0
333,90.33,80.0,86.33,75.17,91.0,75.75,88.64,75.91,1.0,3.0,1.0
334,90.33,85.0,86.33,80.33,91.0,83.75,88.64,82.45,1.0,2.0,1.0
335,90.33,72.0,86.33,68.17,91.0,71.67,88.64,70.91,1.0,3.0,1.0
336,90.33,91.25,86.33,85.67,91.0,90.0,88.64,89.0,1.0,1.0,0.0
337,90.33,91.67,86.33,87.5,91.0,88.5,88.64,89.09,1.0,1.0,0.0
338,90.33,83.5,86.33,82.67,91.0,89.0,88.64,83.64,1.0,2.0,1.0
339,90.33,77.5,86.33,74.83,91.0,78.33,88.64,76.91,1.0,3.0,1.0
340,90.33,89.5,86.33,84.5,91.0,84.33,88.64,85.45,1.0,1.0,0.0
341,86.0,82.33,83.0,74.17,87.5,83.0,85.55,79.0,1.0,2.0,1.0
342,86.0,84.0,83.0,78.83,87.5,82.5,85.55,81.55,1.0,2.0,1.0
343,86.0,84.5,83.0,79.0,87.5,85.33,85.55,82.82,1.0,2.0,1.0
344,86.0,87.25,83.0,81.17,87.5,84.0,85.55,84.18,1.0,1.0,0.0
345,86.0,78.0,83.0,72.33,87.5,76.0,85.55,74.45,1.0,3.0,1.0
346,86.0,77.33,83.0,77.5,87.5,78.5,85.55,77.82,1.0,2.0,1.0
347,86.0,79.75,83.0,71.67,87.5,79.0,85.55,76.55,1.0,3.0,1.0
348,86.0,80.5,83.0,77.67,87.5,81.0,85.55,79.55,1.0,2.0,1.0
349,86.0,82.0,83.0,78.83,87.5,79.0,85.55,80.36,1.0,2.0,1.0
350,86.0,79.33,83.0,76.5,87.5,77.0,85.55,77.45,1.0,2.0,1.0
351,86.0,90.33,83.0,86.33,87.5,91.0,85.55,88.64,1.0,1.0,1.0
352,86.0,85.5,83.0,81.67,87.5,87.67,85.55,84.55,1.0,1.0,1.0
353,86.0,90.0,83.0,85.5,87.5,89.0,85.55,87.64,1.0,1.0,-1.0
354,86.0,92.33,83.0,89.0,87.5,91.5,85.55,90.73,1.0,1.0,-1.0
355,86.0,88.0,83.0,88.5,87.5,89.67,85.55,88.82,1.0,1.0,1.0
356,86.0,75.5,83.0,74.67,87.5,77.67,85.55,75.82,1.0,3.0,1.0
357,86.0,88.5,83.0,81.67,87.5,85.0,85.55,84.64,1.0,1.0,1.0
358,86.0,90.0,83.0,85.33,87.5,89.5,85.55,87.73,1.0,1.0,-1.0
359,86.0,82.0,83.0,80.5,87.5,83.33,85.55,81.82,1.0,2.0,1.0
360,86.0,85.5,83.0,82.0,87.5,84.0,85.55,83.45,1.0,2.0,1.0
361,86.0,90.5,83.0,88.5,87.5,90.0,85.55,89.45,1.0,1.0,-1.0
362,86.0,84.0,83.0,80.83,87.5,85.0,85.55,82.64,1.0,2.0,1.0
363,86.0,85.67,83.0,83.33,87.5,85.5,85.55,84.45,1.0,1.0,-1.0
364,86.0,80.0,83.0,75.17,87.5,75.75,85.55,75.91,1.0,3.0,1.0
365,86.0,85.0,83.0,80.33,87.5,83.75,85.55,82.45,1.0,2.0,1.0
366,86.0,72.0,83.0,68.17,87.5,71.67,85.55,70.91,1.0,3.0,1.0
367,86.0,91.25,83.0,85.67,87.5,90.0,85.55,89.0,1.0,1.0,-1.0
368,86.0,91.67,83.0,87.5,87.5,88.5,85.55,89.09,1.0,1.0,-1.0
369,86.0,83.5,83.0,82.67,87.5,89.0,85.55,83.64,1.0,2.0,1.0
370,86.0,77.5,83.0,74.83,87.5,78.33,85.55,76.91,1.0,3.0,1.0
371,86.0,89.5,83.0,84.5,87.5,84.33,85.55,85.45,1.0,1.0,0.0
372,85.5,82.33,81.67,74.17,87.67,83.0,84.55,79.0,1.0,2.0,1.0
373,85.5,84.0,81.67,78.83,87.67,82.5,84.55,81.55,1.0,2.0,1.0
374,85.5,84.5,81.67,79.0,87.67,85.33,84.55,82.82,1.0,2.0,1.0
375,85.5,87.25,81.67,81.17,87.67,84.0,84.55,84.18,1.0,1.0,0.0
376,85.5,78.0,81.67,72.33,87.67,76.0,84.55,74.45,1.0,3.0,1.0
377,85.5,77.33,81.67,77.5,87.67,78.5,84.55,77.82,1.0,2.0,1.0
378,85.5,79.75,81.67,71.67,87.67,79.0,84.55,76.55,1.0,3.0,1.0
379,85.5,80.5,81.67,77.67,87.67,81.0,84.55,79.55,1.0,2.0,1.0
380,85.5,82.0,81.67,78.83,87.67,79.0,84.55,80.36,1.0,2.0,1.0
381,85.5,79.33,81.67,76.5,87.67,77.0,84.55,77.45,1.0,2.0,1.0
382,85.5,90.33,81.67,86.33,87.67,91.0,84.55,88.64,1.0,1.0,1.0
383,85.5,86.0,81.67,83.0,87.67,87.5,84.55,85.55,1.0,1.0,-1.0
384,85.5,90.0,81.67,85.5,87.67,89.0,84.55,87.64,1.0,1.0,-1.0
385,85.5,92.33,81.67,89.0,87.67,91.5,84.55,90.73,1.0,1.0,-1.0
386,85.5,88.0,81.67,88.5,87.67,89.67,84.55,88.82,1.0,1.0,-1.0
387,85.5,75.5,81.67,74.67,87.67,77.67,84.55,75.82,1.0,3.0,1.0
388,85.5,88.5,81.67,81.67,87.67,85.0,84.55,84.64,1.0,1.0,1.0
389,85.5,90.0,81.67,85.33,87.67,89.5,84.55,87.73,1.0,1.0,-1.0
390,85.5,82.0,81.67,80.5,87.67,83.33,84.55,81.82,1.0,2.0,1.0
391,85.5,85.5,81.67,82.0,87.67,84.0,84.55,83.45,1.0,2.0,1.0
392,85.5,90.5,81.67,88.5,87.67,90.0,84.55,89.45,1.0,1.0,-1.0
393,85.5,84.0,81.67,80.83,87.67,85.0,84.55,82.64,1.0,2.0,-1.0
394,85.5,85.67,81.67,83.33,87.67,85.5,84.55,84.45,1.0,1.0,1.0
395,85.5,80.0,81.67,75.17,87.67,75.75,84.55,75.91,1.0,3.0,1.0
396,85.5,85.0,81.67,80.33,87.67,83.75,84.55,82.45,1.0,2.0,1.0
397,85.5,72.0,81.67,68.17,87.67,71.67,84.55,70.91,1.0,3.0,1.0
398,85.5,91.25,81.67,85.67,87.67,90.0,84.55,89.0,1.0,1.0,1.0
399,85.5,91.67,81.67,87.5,87.67,88.5,84.55,89.09,1.0,1.0,-1.0
400,85.5,83.5,81.67,82.67,87.67,89.0,84.55,83.64,1.0,2.0,1.0
401,85.5,77.5,81.67,74.83,87.67,78.33,84.55,76.91,1.0,3.0,1.0
402,85.5,89.5,81.67,84.5,87.67,84.33,84.55,85.45,1.0,1.0,0.0
403,90.0,82.33,85.5,74.17,89.0,83.0,87.64,79.0,1.0,2.0,1.0
404,90.0,84.0,85.5,78.83,89.0,82.5,87.64,81.55,1.0,2.0,1.0
405,90.0,84.5,85.5,79.0,89.0,85.33,87.64,82.82,1.0,2.0,1.0
406,90.0,87.25,85.5,81.17,89.0,84.0,87.64,84.18,1.0,1.0,0.0
407,90.0,78.0,85.5,72.33,89.0,76.0,87.64,74.45,1.0,3.0,1.0
408,90.0,77.33,85.5,77.5,89.0,78.5,87.64,77.82,1.0,2.0,0.0
409,90.0,79.75,85.5,71.67,89.0,79.0,87.64,76.55,1.0,3.0,1.0
410,90.0,80.5,85.5,77.67,89.0,81.0,87.64,79.55,1.0,2.0,1.0
411,90.0,82.0,85.5,78.83,89.0,79.0,87.64,80.36,1.0,2.0,1.0
412,90.0,79.33,85.5,76.5,89.0,77.0,87.64,77.45,1.0,2.0,1.0
413,90.0,90.33,85.5,86.33,89.0,91.0,87.64,88.64,1.0,1.0,1.0
414,90.0,86.0,85.5,83.0,89.0,87.5,87.64,85.55,1.0,1.0,1.0
415,90.0,85.5,85.5,81.67,89.0,87.67,87.64,84.55,1.0,1.0,1.0
416,90.0,92.33,85.5,89.0,89.0,91.5,87.64,90.73,1.0,1.0,-1.0
417,90.0,88.0,85.5,88.5,89.0,89.67,87.64,88.82,1.0,1.0,-1.0
418,90.0,75.5,85.5,74.67,89.0,77.67,87.64,75.82,1.0,3.0,1.0
419,90.0,88.5,85.5,81.67,89.0,85.0,87.64,84.64,1.0,1.0,1.0
420,90.0,90.0,85.5,85.33,89.0,89.5,87.64,87.73,1.0,1.0,1.0
421,90.0,82.0,85.5,80.5,89.0,83.33,87.64,81.82,1.0,2.0,1.0
422,90.0,85.5,85.5,82.0,89.0,84.0,87.64,83.45,1.0,2.0,1.0
423,90.0,90.5,85.5,88.5,89.0,90.0,87.64,89.45,1.0,1.0,-1.0
424,90.0,84.0,85.5,80.83,89.0,85.0,87.64,82.64,1.0,2.0,-1.0
425,90.0,85.67,85.5,83.33,89.0,85.5,87.64,84.45,1.0,1.0,1.0
426,90.0,80.0,85.5,75.17,89.0,75.75,87.64,75.91,1.0,3.0,1.0
427,90.0,85.0,85.5,80.33,89.0,83.75,87.64,82.45,1.0,2.0,1.0
428,90.0,72.0,85.5,68.17,89.0,71.67,87.64,70.91,1.0,3.0,1.0
429,90.0,91.25,85.5,85.67,89.0,90.0,87.64,89.0,1.0,1.0,1.0
430,90.0,91.67,85.5,87.5,89.0,88.5,87.64,89.09,1.0,1.0,-1.0
431,90.0,83.5,85.5,82.67,89.0,89.0,87.64,83.64,1.0,2.0,1.0
432,90.0,77.5,85.5,74.83,89.0,78.33,87.64,76.91,1.0,3.0,1.0
433,90.0,89.5,85.5,84.5,89.0,84.33,87.64,85.45,1.0,1.0,-1.0
434,92.33,82.33,89.0,74.17,91.5,83.0,90.73,79.0,1.0,2.0,1.0
435,92.33,84.0,89.0,78.83,91.5,82.5,90.73,81.55,1.0,2.0,1.0
436,92.33,84.5,89.0,79.0,91.5,85.33,90.73,82.82,1.0,2.0,1.0
437,92.33,87.25,89.0,81.17,91.5,84.0,90.73,84.18,1.0,1.0,0.0
438,92.33,78.0,89.0,72.33,91.5,76.0,90.73,74.45,1.0,3.0,1.0
439,92.33,77.33,89.0,77.5,91.5,78.5,90.73,77.82,1.0,2.0,1.0
440,92.33,79.75,89.0,71.67,91.5,79.0,90.73,76.55,1.0,3.0,1.0
441,92.33,80.5,89.0,77.67,91.5,81.0,90.73,79.55,1.0,2.0,1.0
442,92.33,82.0,89.0,78.83,91.5,79.0,90.73,80.36,1.0,2.0,1.0
443,92.33,79.33,89.0,76.5,91.5,77.0,90.73,77.45,1.0,2.0,1.0
444,92.33,90.33,89.0,86.33,91.5,91.0,90.73,88.64,1.0,1.0,1.0
445,92.33,86.0,89.0,83.0,91.5,87.5,90.73,85.55,1.0,1.0,1.0
446,92.33,85.5,89.0,81.67,91.5,87.67,90.73,84.55,1.0,1.0,1.0
447,92.33,90.0,89.0,85.5,91.5,89.0,90.73,87.64,1.0,1.0,1.0
448,92.33,88.0,89.0,88.5,91.5,89.67,90.73,88.82,1.0,1.0,1.0
449,92.33,75.5,89.0,74.67,91.5,77.67,90.73,75.82,1.0,3.0,1.0
450,92.33,88.5,89.0,81.67,91.5,85.0,90.73,84.64,1.0,1.0,1.0
451,92.33,90.0,89.0,85.33,91.5,89.5,90.73,87.73,1.0,1.0,1.0
452,92.33,82.0,89.0,80.5,91.5,83.33,90.73,81.82,1.0,2.0,1.0
453,92.33,85.5,89.0,82.0,91.5,84.0,90.73,83.45,1.0,2.0,1.0
454,92.33,90.5,89.0,88.5,91.5,90.0,90.73,89.45,1.0,1.0,-1.0
455,92.33,84.0,89.0,80.83,91.5,85.0,90.73,82.64,1.0,2.0,1.0
456,92.33,85.67,89.0,83.33,91.5,85.5,90.73,84.45,1.0,1.0,1.0
457,92.33,80.0,89.0,75.17,91.5,75.75,90.73,75.91,1.0,3.0,1.0
458,92.33,85.0,89.0,80.33,91.5,83.75,90.73,82.45,1.0,2.0,1.0
459,92.33,72.0,89.0,68.17,91.5,71.67,90.73,70.91,1.0,3.0,1.0
460,92.33,91.25,89.0,85.67,91.5,90.0,90.73,89.0,1.0,1.0,0.0
461,92.33,91.67,89.0,87.5,91.5,88.5,90.73,89.09,1.0,1.0,-1.0
462,92.33,83.5,89.0,82.67,91.5,89.0,90.73,83.64,1.0,2.0,1.0
463,92.33,77.5,89.0,74.83,91.5,78.33,90.73,76.91,1.0,3.0,1.0
464,92.33,89.5,89.0,84.5,91.5,84.33,90.73,85.45,1.0,1.0,-1.0
465,88.0,82.33,88.5,74.17,89.67,83.0,88.82,79.0,1.0,2.0,1.0
466,88.0,84.0,88.5,78.83,89.67,82.5,88.82,81.55,1.0,2.0,1.0
467,88.0,84.5,88.5,79.0,89.67,85.33,88.82,82.82,1.0,2.0,1.0
468,88.0,87.25,88.5,81.17,89.67,84.0,88.82,84.18,1.0,1.0,0.0
469,88.0,78.0,88.5,72.33,89.67,76.0,88.82,74.45,1.0,3.0,1.0
470,88.0,77.33,88.5,77.5,89.67,78.5,88.82,77.82,1.0,2.0,1.0
471,88.0,79.75,88.5,71.67,89.67,79.0,88.82,76.55,1.0,3.0,1.0
472,88.0,80.5,88.5,77.67,89.67,81.0,88.82,79.55,1.0,2.0,1.0
473,88.0,82.0,88.5,78.83,89.67,79.0,88.82,80.36,1.0,2.0,0.0
474,88.0,79.33,88.5,76.5,89.67,77.0,88.82,77.45,1.0,2.0,1.0
475,88.0,90.33,88.5,86.33,89.67,91.0,88.82,88.64,1.0,1.0,1.0
476,88.0,86.0,88.5,83.0,89.67,87.5,88.82,85.55,1.0,1.0,-1.0
477,88.0,85.5,88.5,81.67,89.67,87.67,88.82,84.55,1.0,1.0,1.0
478,88.0,90.0,88.5,85.5,89.67,89.0,88.82,87.64,1.0,1.0,1.0
479,88.0,92.33,88.5,89.0,89.67,91.5,88.82,90.73,1.0,1.0,-1.0
480,88.0,75.5,88.5,74.67,89.67,77.67,88.82,75.82,1.0,3.0,1.0
481,88.0,88.5,88.5,81.67,89.67,85.0,88.82,84.64,1.0,1.0,1.0
482,88.0,90.0,88.5,85.33,89.67,89.5,88.82,87.73,1.0,1.0,1.0
483,88.0,82.0,88.5,80.5,89.67,83.33,88.82,81.82,1.0,2.0,1.0
484,88.0,85.5,88.5,82.0,89.67,84.0,88.82,83.45,1.0,2.0,1.0
485,88.0,90.5,88.5,88.5,89.67,90.0,88.82,89.45,1.0,1.0,0.0
486,88.0,84.0,88.5,80.83,89.67,85.0,88.82,82.64,1.0,2.0,1.0
487,88.0,85.67,88.5,83.33,89.67,85.5,88.82,84.45,1.0,1.0,1.0
488,88.0,80.0,88.5,75.17,89.67,75.75,88.82,75.91,1.0,3.0,1.0
489,88.0,85.0,88.5,80.33,89.67,83.75,88.82,82.45,1.0,2.0,1.0
490,88.0,72.0,88.5,68.17,89.67,71.67,88.82,70.91,1.0,3.0,1.0
491,88.0,91.25,88.5,85.67,89.67,90.0,88.82,89.0,1.0,1.0,-1.0
492,88.0,91.67,88.5,87.5,89.67,88.5,88.82,89.09,1.0,1.0,-1.0
493,88.0,83.5,88.5,82.67,89.67,89.0,88.82,83.64,1.0,2.0,1.0
494,88.0,77.5,88.5,74.83,89.67,78.33,88.82,76.91,1.0,3.0,1.0
495,88.0,89.5,88.5,84.5,89.67,84.33,88.82,85.45,1.0,1.0,1.0
496,75.5,82.33,74.67,74.17,77.67,83.0,75.82,79.0,3.0,2.0,-1.0
497,75.5,84.0,74.67,78.83,77.67,82.5,75.82,81.55,3.0,2.0,-1.0
498,75.5,84.5,74.67,79.0,77.67,85.33,75.82,82.82,3.0,2.0,-1.0
499,75.5,87.25,74.67,81.17,77.67,84.0,75.82,84.18,3.0,1.0,-1.0
500,75.5,78.0,74.67,72.33,77.67,76.0,75.82,74.45,3.0,3.0,0.0
501,75.5,77.33,74.67,77.5,77.67,78.5,75.82,77.82,3.0,2.0,-1.0
502,75.5,79.75,74.67,71.67,77.67,79.0,75.82,76.55,3.0,3.0,0.0
503,75.5,80.5,74.67,77.67,77.67,81.0,75.82,79.55,3.0,2.0,-1.0
504,75.5,82.0,74.67,78.83,77.67,79.0,75.82,80.36,3.0,2.0,-1.0
505,75.5,79.33,74.67,76.5,77.67,77.0,75.82,77.45,3.0,2.0,-1.0
506,75.5,90.33,74.67,86.33,77.67,91.0,75.82,88.64,3.0,1.0,-1.0
507,75.5,86.0,74.67,83.0,77.67,87.5,75.82,85.55,3.0,1.0,-1.0
508,75.5,85.5,74.67,81.67,77.67,87.67,75.82,84.55,3.0,1.0,-1.0
509,75.5,90.0,74.67,85.5,77.67,89.0,75.82,87.64,3.0,1.0,-1.0
510,75.5,92.33,74.67,89.0,77.67,91.5,75.82,90.73,3.0,1.0,-1.0
511,75.5,88.0,74.67,88.5,77.67,89.67,75.82,88.82,3.0,1.0,-1.0
512,75.5,88.5,74.67,81.67,77.67,85.0,75.82,84.64,3.0,1.0,-1.0
513,75.5,90.0,74.67,85.33,77.67,89.5,75.82,87.73,3.0,1.0,-1.0
514,75.5,82.0,74.67,80.5,77.67,83.33,75.82,81.82,3.0,2.0,-1.0
515,75.5,85.5,74.67,82.0,77.67,84.0,75.82,83.45,3.0,2.0,-1.0
516,75.5,90.5,74.67,88.5,77.67,90.0,75.82,89.45,3.0,1.0,0.0
517,75.5,84.0,74.67,80.83,77.67,85.0,75.82,82.64,3.0,2.0,-1.0
518,75.5,85.67,74.67,83.33,77.67,85.5,75.82,84.45,3.0,1.0,-1.0
519,75.5,80.0,74.67,75.17,77.67,75.75,75.82,75.91,3.0,3.0,0.0
520,75.5,85.0,74.67,80.33,77.67,83.75,75.82,82.45,3.0,2.0,-1.0
521,75.5,72.0,74.67,68.17,77.67,71.67,75.82,70.91,3.0,3.0,0.0
522,75.5,91.25,74.67,85.67,77.67,90.0,75.82,89.0,3.0,1.0,-1.0
523,75.5,91.67,74.67,87.5,77.67,88.5,75.82,89.09,3.0,1.0,-1.0
524,75.5,83.5,74.67,82.67,77.67,89.0,75.82,83.64,3.0,2.0,-1.0
525,75.5,77.5,74.67,74.83,77.67,78.33,75.82,76.91,3.0,3.0,0.0
526,75.5,89.5,74.67,84.5,77.67,84.33,75.82,85.45,3.0,1.0,-1.0
527,88.5,82.33,81.67,74.17,85.0,83.0,84.64,79.0,1.0,2.0,1.0
528,88.5,84.0,81.67,78.83,85.0,82.5,84.64,81.55,1.0,2.0,1.0
529,88.5,84.5,81.67,79.0,85.0,85.33,84.64,82.82,1.0,2.0,1.0
530,88.5,87.25,81.67,81.17,85.0,84.0,84.64,84.18,1.0,1.0,0.0
531,88.5,78.0,81.67,72.33,85.0,76.0,84.64,74.45,1.0,3.0,1.0
532,88.5,77.33,81.67,77.5,85.0,78.5,84.64,77.82,1.0,2.0,1.0
533,88.5,79.75,81.67,71.67,85.0,79.0,84.64,76.55,1.0,3.0,1.0
534,88.5,80.5,81.67,77.67,85.0,81.0,84.64,79.55,1.0,2.0,-1.0
535,88.5,82.0,81.67,78.83,85.0,79.0,84.64,80.36,1.0,2.0,1.0
536,88.5,79.33,81.67,76.5,85.0,77.0,84.64,77.45,1.0,2.0,1.0
537,88.5,90.33,81.67,86.33,85.0,91.0,84.64,88.64,1.0,1.0,1.0
538,88.5,86.0,81.67,83.0,85.0,87.5,84.64,85.55,1.0,1.0,-1.0
539,88.5,85.5,81.67,81.67,85.0,87.67,84.64,84.55,1.0,1.0,-1.0
540,88.5,90.0,81.67,85.5,85.0,89.0,84.64,87.64,1.0,1.0,-1.0
541,88.5,92.33,81.67,89.0,85.0,91.5,84.64,90.73,1.0,1.0,-1.0
542,88.5,88.0,81.67,88.5,85.0,89.67,84.64,88.82,1.0,1.0,-1.0
543,88.5,75.5,81.67,74.67,85.0,77.67,84.64,75.82,1.0,3.0,1.0
544,88.5,90.0,81.67,85.33,85.0,89.5,84.64,87.73,1.0,1.0,-1.0
545,88.5,82.0,81.67,80.5,85.0,83.33,84.64,81.82,1.0,2.0,0.0
546,88.5,85.5,81.67,82.0,85.0,84.0,84.64,83.45,1.0,2.0,1.0
547,88.5,90.5,81.67,88.5,85.0,90.0,84.64,89.45,1.0,1.0,-1.0
548,88.5,84.0,81.67,80.83,85.0,85.0,84.64,82.64,1.0,2.0,-1.0
549,88.5,85.67,81.67,83.33,85.0,85.5,84.64,84.45,1.0,1.0,0.0
550,88.5,80.0,81.67,75.17,85.0,75.75,84.64,75.91,1.0,3.0,1.0
551,88.5,85.0,81.67,80.33,85.0,83.75,84.64,82.45,1.0,2.0,-1.0
552,88.5,72.0,81.67,68.17,85.0,71.67,84.64,70.91,1.0,3.0,1.0
553,88.5,91.25,81.67,85.67,85.0,90.0,84.64,89.0,1.0,1.0,-1.0
554,88.5,91.67,81.67,87.5,85.0,88.5,84.64,89.09,1.0,1.0,0.0
555,88.5,83.5,81.67,82.67,85.0,89.0,84.64,83.64,1.0,2.0,-1.0
556,88.5,77.5,81.67,74.83,85.0,78.33,84.64,76.91,1.0,3.0,1.0
557,88.5,89.5,81.67,84.5,85.0,84.33,84.64,85.45,1.0,1.0,-1.0
558,90.0,82.33,85.33,74.17,89.5,83.0,87.73,79.0,1.0,2.0,1.0
559,90.0,84.0,85.33,78.83,89.5,82.5,87.73,81.55,1.0,2.0,1.0
560,90.0,84.5,85.33,79.0,89.5,85.33,87.73,82.82,1.0,2.0,1.0
561,90.0,87.25,85.33,81.17,89.5,84.0,87.73,84.18,1.0,1.0,0.0
562,90.0,78.0,85.33,72.33,89.5,76.0,87.73,74.45,1.0,3.0,1.0
563,90.0,77.33,85.33,77.5,89.5,78.5,87.73,77.82,1.0,2.0,1.0
564,90.0,79.75,85.33,71.67,89.5,79.0,87.73,76.55,1.0,3.0,1.0
565,90.0,80.5,85.33,77.67,89.5,81.0,87.73,79.55,1.0,2.0,1.0
566,90.0,82.0,85.33,78.83,89.5,79.0,87.73,80.36,1.0,2.0,1.0
567,90.0,79.33,85.33,76.5,89.5,77.0,87.73,77.45,1.0,2.0,1.0
568,90.0,90.33,85.33,86.33,89.5,91.0,87.73,88.64,1.0,1.0,1.0
569,90.0,86.0,85.33,83.0,89.5,87.5,87.73,85.55,1.0,1.0,1.0
570,90.0,85.5,85.33,81.67,89.5,87.67,87.73,84.55,1.0,1.0,1.0
571,90.0,90.0,85.33,85.5,89.5,89.0,87.73,87.64,1.0,1.0,-1.0
572,90.0,92.33,85.33,89.0,89.5,91.5,87.73,90.73,1.0,1.0,-1.0
573,90.0,88.0,85.33,88.5,89.5,89.67,87.73,88.82,1.0,1.0,-1.0
574,90.0,75.5,85.33,74.67,89.5,77.67,87.73,75.82,1.0,3.0,1.0
575,90.0,88.5,85.33,81.67,89.5,85.0,87.73,84.64,1.0,1.0,1.0
576,90.0,82.0,85.33,80.5,89.5,83.33,87.73,81.82,1.0,2.0,1.0
577,90.0,85.5,85.33,82.0,89.5,84.0,87.73,83.45,1.0,2.0,1.0
578,90.0,90.5,85.33,88.5,89.5,90.0,87.73,89.45,1.0,1.0,1.0
579,90.0,84.0,85.33,80.83,89.5,85.0,87.73,82.64,1.0,2.0,1.0
580,90.0,85.67,85.33,83.33,89.5,85.5,87.73,84.45,1.0,1.0,-1.0
581,90.0,80.0,85.33,75.17,89.5,75.75,87.73,75.91,1.0,3.0,1.0
582,90.0,85.0,85.33,80.33,89.5,83.75,87.73,82.45,1.0,2.0,1.0
583,90.0,72.0,85.33,68.17,89.5,71.67,87.73,70.91,1.0,3.0,1.0
584,90.0,91.25,85.33,85.67,89.5,90.0,87.73,89.0,1.0,1.0,0.0
585,90.0,91.67,85.33,87.5,89.5,88.5,87.73,89.09,1.0,1.0,-1.0
586,90.0,83.5,85.33,82.67,89.5,89.0,87.73,83.64,1.0,2.0,1.0
587,90.0,77.5,85.33,74.83,89.5,78.33,87.73,76.91,1.0,3.0,1.0
588,90.0,89.5,85.33,84.5,89.5,84.33,87.73,85.45,1.0,1.0,0.0
589,82.0,82.33,80.5,74.17,83.33,83.0,81.82,79.0,2.0,2.0,0.0
590,82.0,84.0,80.5,78.83,83.33,82.5,81.82,81.55,2.0,2.0,0.0
591,82.0,84.5,80.5,79.0,83.33,85.33,81.82,82.82,2.0,2.0,0.0
592,82.0,87.25,80.5,81.17,83.33,84.0,81.82,84.18,2.0,1.0,-1.0
593,82.0,78.0,80.5,72.33,83.33,76.0,81.82,74.45,2.0,3.0,1.0
594,82.0,77.33,80.5,77.5,83.33,78.5,81.82,77.82,2.0,2.0,0.0
595,82.0,79.75,80.5,71.67,83.33,79.0,81.82,76.55,2.0,3.0,-1.0
596,82.0,80.5,80.5,77.67,83.33,81.0,81.82,79.55,2.0,2.0,0.0
597,82.0,82.0,80.5,78.83,83.33,79.0,81.82,80.36,2.0,2.0,0.0
598,82.0,79.33,80.5,76.5,83.33,77.0,81.82,77.45,2.0,2.0,0.0
599,82.0,90.33,80.5,86.33,83.33,91.0,81.82,88.64,2.0,1.0,-1.0
600,82.0,86.0,80.5,83.0,83.33,87.5,81.82,85.55,2.0,1.0,-1.0
601,82.0,85.5,80.5,81.67,83.33,87.67,81.82,84.55,2.0,1.0,-1.0
602,82.0,90.0,80.5,85.5,83.33,89.0,81.82,87.64,2.0,1.0,-1.0
603,82.0,92.33,80.5,89.0,83.33,91.5,81.82,90.73,2.0,1.0,-1.0
604,82.0,88.0,80.5,88.5,83.33,89.67,81.82,88.82,2.0,1.0,-1.0
605,82.0,75.5,80.5,74.67,83.33,77.67,81.82,75.82,2.0,3.0,1.0
606,82.0,88.5,80.5,81.67,83.33,85.0,81.82,84.64,2.0,1.0,0.0
607,82.0,90.0,80.5,85.33,83.33,89.5,81.82,87.73,2.0,1.0,-1.0
608,82.0,85.5,80.5,82.0,83.33,84.0,81.82,83.45,2.0,2.0,1.0
609,82.0,90.5,80.5,88.5,83.33,90.0,81.82,89.45,2.0,1.0,-1.0
610,82.0,84.0,80.5,80.83,83.33,85.0,81.82,82.64,2.0,2.0,1.0
611,82.0,85.67,80.5,83.33,83.33,85.5,81.82,84.45,2.0,1.0,1.0
612,82.0,80.0,80.5,75.17,83.33,75.75,81.82,75.91,2.0,3.0,0.0
613,82.0,85.0,80.5,80.33,83.33,83.75,81.82,82.45,2.0,2.0,0.0
614,82.0,72.0,80.5,68.17,83.33,71.67,81.82,70.91,2.0,3.0,1.0
615,82.0,91.25,80.5,85.67,83.33,90.0,81.82,89.0,2.0,1.0,-1.0
616,82.0,91.67,80.5,87.5,83.33,88.5,81.82,89.09,2.0,1.0,-1.0
617,82.0,83.5,80.5,82.67,83.33,89.0,81.82,83.64,2.0,2.0,0.0
618,82.0,77.5,80.5,74.83,83.33,78.33,81.82,76.91,2.0,3.0,1.0
619,82.0,89.5,80.5,84.5,83.33,84.33,81.82,85.45,2.0,1.0,-1.0
620,85.5,82.33,82.0,74.17,84.0,83.0,83.45,79.0,2.0,2.0,0.0
621,85.5,84.0,82.0,78.83,84.0,82.5,83.45,81.55,2.0,2.0,0.0
622,85.5,84.5,82.0,79.0,84.0,85.33,83.45,82.82,2.0,2.0,0.0
623,85.5,87.25,82.0,81.17,84.0,84.0,83.45,84.18,2.0,1.0,-1.0
624,85.5,78.0,82.0,72.33,84.0,76.0,83.45,74.45,2.0,3.0,1.0
625,85.5,77.33,82.0,77.5,84.0,78.5,83.45,77.82,2.0,2.0,0.0
626,85.5,79.75,82.0,71.67,84.0,79.0,83.45,76.55,2.0,3.0,1.0
627,85.5,80.5,82.0,77.67,84.0,81.0,83.45,79.55,2.0,2.0,1.0
628,85.5,82.0,82.0,78.83,84.0,79.0,83.45,80.36,2.0,2.0,1.0
629,85.5,79.33,82.0,76.5,84.0,77.0,83.45,77.45,2.0,2.0,0.0
630,85.5,90.33,82.0,86.33,84.0,91.0,83.45,88.64,2.0,1.0,-1.0
631,85.5,86.0,82.0,83.0,84.0,87.5,83.45,85.55,2.0,1.0,-1.0
632,85.5,85.5,82.0,81.67,84.0,87.67,83.45,84.55,2.0,1.0,-1.0
633,85.5,90.0,82.0,85.5,84.0,89.0,83.45,87.64,2.0,1.0,-1.0
634,85.5,92.33,82.0,89.0,84.0,91.5,83.45,90.73,2.0,1.0,-1.0
635,85.5,88.0,82.0,88.5,84.0,89.67,83.45,88.82,2.0,1.0,-1.0
636,85.5,75.5,82.0,74.67,84.0,77.67,83.45,75.82,2.0,3.0,1.0
637,85.5,88.5,82.0,81.67,84.0,85.0,83.45,84.64,2.0,1.0,-1.0
638,85.5,90.0,82.0,85.33,84.0,89.5,83.45,87.73,2.0,1.0,-1.0
639,85.5,82.0,82.0,80.5,84.0,83.33,83.45,81.82,2.0,2.0,-1.0
640,85.5,90.5,82.0,88.5,84.0,90.0,83.45,89.45,2.0,1.0,-1.0
641,85.5,84.0,82.0,80.83,84.0,85.0,83.45,82.64,2.0,2.0,1.0
642,85.5,85.67,82.0,83.33,84.0,85.5,83.45,84.45,2.0,1.0,1.0
643,85.5,80.0,82.0,75.17,84.0,75.75,83.45,75.91,2.0,3.0,1.0
644,85.5,85.0,82.0,80.33,84.0,83.75,83.45,82.45,2.0,2.0,0.0
645,85.5,72.0,82.0,68.17,84.0,71.67,83.45,70.91,2.0,3.0,1.0
646,85.5,91.25,82.0,85.67,84.0,90.0,83.45,89.0,2.0,1.0,-1.0
647,85.5,91.67,82.0,87.5,84.0,88.5,83.45,89.09,2.0,1.0,-1.0
648,85.5,83.5,82.0,82.67,84.0,89.0,83.45,83.64,2.0,2.0,0.0
649,85.5,77.5,82.0,74.83,84.0,78.33,83.45,76.91,2.0,3.0,1.0
650,85.5,89.5,82.0,84.5,84.0,84.33,83.45,85.45,2.0,1.0,-1.0
651,90.5,82.33,88.5,74.17,90.0,83.0,89.45,79.0,1.0,2.0,1.0
652,90.5,84.0,88.5,78.83,90.0,82.5,89.45,81.55,1.0,2.0,1.0
653,90.5,84.5,88.5,79.0,90.0,85.33,89.45,82.82,1.0,2.0,1.0
654,90.5,87.25,88.5,81.17,90.0,84.0,89.45,84.18,1.0,1.0,0.0
655,90.5,78.0,88.5,72.33,90.0,76.0,89.45,74.45,1.0,3.0,1.0
656,90.5,77.33,88.5,77.5,90.0,78.5,89.45,77.82,1.0,2.0,1.0
657,90.5,79.75,88.5,71.67,90.0,79.0,89.45,76.55,1.0,3.0,1.0
658,90.5,80.5,88.5,77.67,90.0,81.0,89.45,79.55,1.0,2.0,1.0
659,90.5,82.0,88.5,78.83,90.0,79.0,89.45,80.36,1.0,2.0,1.0
660,90.5,79.33,88.5,76.5,90.0,77.0,89.45,77.45,1.0,2.0,1.0
661,90.5,90.33,88.5,86.33,90.0,91.0,89.45,88.64,1.0,1.0,1.0
662,90.5,86.0,88.5,83.0,90.0,87.5,89.45,85.55,1.0,1.0,1.0
663,90.5,85.5,88.5,81.67,90.0,87.67,89.45,84.55,1.0,1.0,1.0
664,90.5,90.0,88.5,85.5,90.0,89.0,89.45,87.64,1.0,1.0,1.0
665,90.5,92.33,88.5,89.0,90.0,91.5,89.45,90.73,1.0,1.0,1.0
666,90.5,88.0,88.5,88.5,90.0,89.67,89.45,88.82,1.0,1.0,0.0
667,90.5,75.5,88.5,74.67,90.0,77.67,89.45,75.82,1.0,3.0,0.0
668,90.5,88.5,88.5,81.67,90.0,85.0,89.45,84.64,1.0,1.0,1.0
669,90.5,90.0,88.5,85.33,90.0,89.5,89.45,87.73,1.0,1.0,-1.0
670,90.5,82.0,88.5,80.5,90.0,83.33,89.45,81.82,1.0,2.0,1.0
671,90.5,85.5,88.5,82.0,90.0,84.0,89.45,83.45,1.0,2.0,1.0
672,90.5,84.0,88.5,80.83,90.0,85.0,89.45,82.64,1.0,2.0,1.0
673,90.5,85.67,88.5,83.33,90.0,85.5,89.45,84.45,1.0,1.0,0.0
674,90.5,80.0,88.5,75.17,90.0,75.75,89.45,75.91,1.0,3.0,1.0
675,90.5,85.0,88.5,80.33,90.0,83.75,89.45,82.45,1.0,2.0,1.0
676,90.5,72.0,88.5,68.17,90.0,71.67,89.45,70.91,1.0,3.0,1.0
677,90.5,91.25,88.5,85.67,90.0,90.0,89.45,89.0,1.0,1.0,-1.0
678,90.5,91.67,88.5,87.5,90.0,88.5,89.45,89.09,1.0,1.0,0.0
679,90.5,83.5,88.5,82.67,90.0,89.0,89.45,83.64,1.0,2.0,1.0
680,90.5,77.5,88.5,74.83,90.0,78.33,89.45,76.91,1.0,3.0,1.0
681,90.5,89.5,88.5,84.5,90.0,84.33,89.45,85.45,1.0,1.0,1.0
682,84.0,82.33,80.83,74.17,85.0,83.0,82.64,79.0,2.0,2.0,0.0
683,84.0,84.0,80.83,78.83,85.0,82.5,82.64,81.55,2.0,2.0,0.0
684,84.0,84.5,80.83,79.0,85.0,85.33,82.64,82.82,2.0,2.0,0.0
685,84.0,87.25,80.83,81.17,85.0,84.0,82.64,84.18,2.0,1.0,-1.0
686,84.0,78.0,80.83,72.33,85.0,76.0,82.64,74.45,2.0,3.0,1.0
687,84.0,77.33,80.83,77.5,85.0,78.5,82.64,77.82,2.0,2.0,0.0
688,84.0,79.75,80.83,71.67,85.0,79.0,82.64,76.55,2.0,3.0,1.0
689,84.0,80.5,80.83,77.67,85.0,81.0,82.64,79.55,2.0,2.0,1.0
690,84.0,82.0,80.83,78.83,85.0,79.0,82.64,80.36,2.0,2.0,1.0
691,84.0,79.33,80.83,76.5,85.0,77.0,82.64,77.45,2.0,2.0,0.0
692,84.0,90.33,80.83,86.33,85.0,91.0,82.64,88.64,2.0,1.0,-1.0
693,84.0,86.0,80.83,83.0,85.0,87.5,82.64,85.55,2.0,1.0,-1.0
694,84.0,85.5,80.83,81.67,85.0,87.67,82.64,84.55,2.0,1.0,1.0
695,84.0,90.0,80.83,85.5,85.0,89.0,82.64,87.64,2.0,1.0,1.0
696,84.0,92.33,80.83,89.0,85.0,91.5,82.64,90.73,2.0,1.0,-1.0
697,84.0,88.0,80.83,88.5,85.0,89.67,82.64,88.82,2.0,1.0,-1.0
698,84.0,75.5,80.83,74.67,85.0,77.67,82.64,75.82,2.0,3.0,1.0
699,84.0,88.5,80.83,81.67,85.0,85.0,82.64,84.64,2.0,1.0,1.0
700,84.0,90.0,80.83,85.33,85.0,89.5,82.64,87.73,2.0,1.0,-1.0
701,84.0,82.0,80.83,80.5,85.0,83.33,82.64,81.82,2.0,2.0,-1.0
702,84.0,85.5,80.83,82.0,85.0,84.0,82.64,83.45,2.0,2.0,-1.0
703,84.0,90.5,80.83,88.5,85.0,90.0,82.64,89.45,2.0,1.0,-1.0
704,84.0,85.67,80.83,83.33,85.0,85.5,82.64,84.45,2.0,1.0,-1.0
705,84.0,80.0,80.83,75.17,85.0,75.75,82.64,75.91,2.0,3.0,0.0
706,84.0,85.0,80.83,80.33,85.0,83.75,82.64,82.45,2.0,2.0,0.0
707,84.0,72.0,80.83,68.17,85.0,71.67,82.64,70.91,2.0,3.0,1.0
708,84.0,91.25,80.83,85.67,85.0,90.0,82.64,89.0,2.0,1.0,-1.0
709,84.0,91.67,80.83,87.5,85.0,88.5,82.64,89.09,2.0,1.0,-1.0
710,84.0,83.5,80.83,82.67,85.0,89.0,82.64,83.64,2.0,2.0,0.0
711,84.0,77.5,80.83,74.83,85.0,78.33,82.64,76.91,2.0,3.0,1.0
712,84.0,89.5,80.83,84.5,85.0,84.33,82.64,85.45,2.0,1.0,-1.0
713,85.67,82.33,83.33,74.17,85.5,83.0,84.45,79.0,1.0,2.0,1.0
714,85.67,84.0,83.33,78.83,85.5,82.5,84.45,81.55,1.0,2.0,1.0
715,85.67,84.5,83.33,79.0,85.5,85.33,84.45,82.82,1.0,2.0,1.0
716,85.67,87.25,83.33,81.17,85.5,84.0,84.45,84.18,1.0,1.0,0.0
717,85.67,78.0,83.33,72.33,85.5,76.0,84.45,74.45,1.0,3.0,1.0
718,85.67,77.33,83.33,77.5,85.5,78.5,84.45,77.82,1.0,2.0,1.0
719,85.67,79.75,83.33,71.67,85.5,79.0,84.45,76.55,1.0,3.0,1.0
720,85.67,80.5,83.33,77.67,85.5,81.0,84.45,79.55,1.0,2.0,1.0
721,85.67,82.0,83.33,78.83,85.5,79.0,84.45,80.36,1.0,2.0,1.0
722,85.67,79.33,83.33,76.5,85.5,77.0,84.45,77.45,1.0,2.0,1.0
723,85.67,90.33,83.33,86.33,85.5,91.0,84.45,88.64,1.0,1.0,0.0
724,85.67,86.0,83.33,83.0,85.5,87.5,84.45,85.55,1.0,1.0,1.0
725,85.67,85.5,83.33,81.67,85.5,87.67,84.45,84.55,1.0,1.0,-1.0
726,85.67,90.0,83.33,85.5,85.5,89.0,84.45,87.64,1.0,1.0,-1.0
727,85.67,92.33,83.33,89.0,85.5,91.5,84.45,90.73,1.0,1.0,-1.0
728,85.67,88.0,83.33,88.5,85.5,89.67,84.45,88.82,1.0,1.0,-1.0
729,85.67,75.5,83.33,74.67,85.5,77.67,84.45,75.82,1.0,3.0,1.0
730,85.67,88.5,83.33,81.67,85.5,85.0,84.45,84.64,1.0,1.0,0.0
731,85.67,90.0,83.33,85.33,85.5,89.5,84.45,87.73,1.0,1.0,1.0
732,85.67,82.0,83.33,80.5,85.5,83.33,84.45,81.82,1.0,2.0,-1.0
733,85.67,85.5,83.33,82.0,85.5,84.0,84.45,83.45,1.0,2.0,-1.0
734,85.67,90.5,83.33,88.5,85.5,90.0,84.45,89.45,1.0,1.0,0.0
735,85.67,84.0,83.33,80.83,85.5,85.0,84.45,82.64,1.0,2.0,1.0
736,85.67,80.0,83.33,75.17,85.5,75.75,84.45,75.91,1.0,3.0,1.0
737,85.67,85.0,83.33,80.33,85.5,83.75,84.45,82.45,1.0,2.0,1.0
738,85.67,72.0,83.33,68.17,85.5,71.67,84.45,70.91,1.0,3.0,1.0
739,85.67,91.25,83.33,85.67,85.5,90.0,84.45,89.0,1.0,1.0,-1.0
740,85.67,91.67,83.33,87.5,85.5,88.5,84.45,89.09,1.0,1.0,0.0
741,85.67,83.5,83.33,82.67,85.5,89.0,84.45,83.64,1.0,2.0,-1.0
742,85.67,77.5,83.33,74.83,85.5,78.33,84.45,76.91,1.0,3.0,1.0
743,85.67,89.5,83.33,84.5,85.5,84.33,84.45,85.45,1.0,1.0,0.0
744,80.0,82.33,75.17,74.17,75.75,83.0,75.91,79.0,3.0,2.0,-1.0
745,80.0,84.0,75.17,78.83,75.75,82.5,75.91,81.55,3.0,2.0,-1.0
746,80.0,84.5,75.17,79.0,75.75,85.33,75.91,82.82,3.0,2.0,-1.0
747,80.0,87.25,75.17,81.17,75.75,84.0,75.91,84.18,3.0,1.0,-1.0
748,80.0,78.0,75.17,72.33,75.75,76.0,75.91,74.45,3.0,3.0,0.0
749,80.0,77.33,75.17,77.5,75.75,78.5,75.91,77.82,3.0,2.0,-1.0
750,80.0,79.75,75.17,71.67,75.75,79.0,75.91,76.55,3.0,3.0,0.0
751,80.0,80.5,75.17,77.67,75.75,81.0,75.91,79.55,3.0,2.0,-1.0
752,80.0,82.0,75.17,78.83,75.75,79.0,75.91,80.36,3.0,2.0,1.0
753,80.0,79.33,75.17,76.5,75.75,77.0,75.91,77.45,3.0,2.0,1.0
754,80.0,90.33,75.17,86.33,75.75,91.0,75.91,88.64,3.0,1.0,-1.0
755,80.0,86.0,75.17,83.0,75.75,87.5,75.91,85.55,3.0,1.0,-1.0
756,80.0,85.5,75.17,81.67,75.75,87.67,75.91,84.55,3.0,1.0,-1.0
757,80.0,90.0,75.17,85.5,75.75,89.0,75.91,87.64,3.0,1.0,-1.0
758,80.0,92.33,75.17,89.0,75.75,91.5,75.91,90.73,3.0,1.0,-1.0
759,80.0,88.0,75.17,88.5,75.75,89.67,75.91,88.82,3.0,1.0,-1.0
760,80.0,75.5,75.17,74.67,75.75,77.67,75.91,75.82,3.0,3.0,0.0
761,80.0,88.5,75.17,81.67,75.75,85.0,75.91,84.64,3.0,1.0,-1.0
762,80.0,90.0,75.17,85.33,75.75,89.5,75.91,87.73,3.0,1.0,-1.0
763,80.0,82.0,75.17,80.5,75.75,83.33,75.91,81.82,3.0,2.0,0.0
764,80.0,85.5,75.17,82.0,75.75,84.0,75.91,83.45,3.0,2.0,-1.0
765,80.0,90.5,75.17,88.5,75.75,90.0,75.91,89.45,3.0,1.0,-1.0
766,80.0,84.0,75.17,80.83,75.75,85.0,75.91,82.64,3.0,2.0,0.0
767,80.0,85.67,75.17,83.33,75.75,85.5,75.91,84.45,3.0,1.0,-1.0
768,80.0,85.0,75.17,80.33,75.75,83.75,75.91,82.45,3.0,2.0,-1.0
769,80.0,72.0,75.17,68.17,75.75,71.67,75.91,70.91,3.0,3.0,1.0
770,80.0,91.25,75.17,85.67,75.75,90.0,75.91,89.0,3.0,1.0,-1.0
771,80.0,91.67,75.17,87.5,75.75,88.5,75.91,89.09,3.0,1.0,-1.0
772,80.0,83.5,75.17,82.67,75.75,89.0,75.91,83.64,3.0,2.0,-1.0
773,80.0,77.5,75.17,74.83,75.75,78.33,75.91,76.91,3.0,3.0,-1.0
774,80.0,89.5,75.17,84.5,75.75,84.33,75.91,85.45,3.0,1.0,-1.0
775,85.0,82.33,80.33,74.17,83.75,83.0,82.45,79.0,2.0,2.0,1.0
776,85.0,84.0,80.33,78.83,83.75,82.5,82.45,81.55,2.0,2.0,0.0
777,85.0,84.5,80.33,79.0,83.75,85.33,82.45,82.82,2.0,2.0,0.0
778,85.0,87.25,80.33,81.17,83.75,84.0,82.45,84.18,2.0,1.0,-1.0
779,85.0,78.0,80.33,72.33,83.75,76.0,82.45,74.45,2.0,3.0,1.0
780,85.0,77.33,80.33,77.5,83.75,78.5,82.45,77.82,2.0,2.0,0.0
781,85.0,79.75,80.33,71.67,83.75,79.0,82.45,76.55,2.0,3.0,1.0
782,85.0,80.5,80.33,77.67,83.75,81.0,82.45,79.55,2.0,2.0,0.0
783,85.0,82.0,80.33,78.83,83.75,79.0,82.45,80.36,2.0,2.0,1.0
784,85.0,79.33,80.33,76.5,83.75,77.0,82.45,77.45,2.0,2.0,1.0
785,85.0,90.33,80.33,86.33,83.75,91.0,82.45,88.64,2.0,1.0,-1.0
786,85.0,86.0,80.33,83.0,83.75,87.5,82.45,85.55,2.0,1.0,-1.0
787,85.0,85.5,80.33,81.67,83.75,87.67,82.45,84.55,2.0,1.0,-1.0
788,85.0,90.0,80.33,85.5,83.75,89.0,82.45,87.64,2.0,1.0,-1.0
789,85.0,92.33,80.33,89.0,83.75,91.5,82.45,90.73,2.0,1.0,-1.0
790,85.0,88.0,80.33,88.5,83.75,89.67,82.45,88.82,2.0,1.0,-1.0
791,85.0,75.5,80.33,74.67,83.75,77.67,82.45,75.82,2.0,3.0,1.0
792,85.0,88.5,80.33,81.67,83.75,85.0,82.45,84.64,2.0,1.0,1.0
793,85.0,90.0,80.33,85.33,83.75,89.5,82.45,87.73,2.0,1.0,-1.0
794,85.0,82.0,80.33,80.5,83.75,83.33,82.45,81.82,2.0,2.0,0.0
795,85.0,85.5,80.33,82.0,83.75,84.0,82.45,83.45,2.0,2.0,0.0
796,85.0,90.5,80.33,88.5,83.75,90.0,82.45,89.45,2.0,1.0,-1.0
797,85.0,84.0,80.33,80.83,83.75,85.0,82.45,82.64,2.0,2.0,0.0
798,85.0,85.67,80.33,83.33,83.75,85.5,82.45,84.45,2.0,1.0,-1.0
799,85.0,80.0,80.33,75.17,83.75,75.75,82.45,75.91,2.0,3.0,1.0
800,85.0,72.0,80.33,68.17,83.75,71.67,82.45,70.91,2.0,3.0,1.0
801,85.0,91.25,80.33,85.67,83.75,90.0,82.45,89.0,2.0,1.0,-1.0
802,85.0,91.67,80.33,87.5,83.75,88.5,82.45,89.09,2.0,1.0,-1.0
803,85.0,83.5,80.33,82.67,83.75,89.0,82.45,83.64,2.0,2.0,-1.0
804,85.0,77.5,80.33,74.83,83.75,78.33,82.45,76.91,2.0,3.0,1.0
805,85.0,89.5,80.33,84.5,83.75,84.33,82.45,85.45,2.0,1.0,1.0
806,72.0,82.33,68.17,74.17,71.67,83.0,70.91,79.0,3.0,2.0,-1.0
807,72.0,84.0,68.17,78.83,71.67,82.5,70.91,81.55,3.0,2.0,-1.0
808,72.0,84.5,68.17,79.0,71.67,85.33,70.91,82.82,3.0,2.0,-1.0
809,72.0,87.25,68.17,81.17,71.67,84.0,70.91,84.18,3.0,1.0,-1.0
810,72.0,78.0,68.17,72.33,71.67,76.0,70.91,74.45,3.0,3.0,0.0
811,72.0,77.33,68.17,77.5,71.67,78.5,70.91,77.82,3.0,2.0,-1.0
812,72.0,79.75,68.17,71.67,71.67,79.0,70.91,76.55,3.0,3.0,0.0
813,72.0,80.5,68.17,77.67,71.67,81.0,70.91,79.55,3.0,2.0,-1.0
814,72.0,82.0,68.17,78.83,71.67,79.0,70.91,80.36,3.0,2.0,-1.0
815,72.0,79.33,68.17,76.5,71.67,77.0,70.91,77.45,3.0,2.0,-1.0
816,72.0,90.33,68.17,86.33,71.67,91.0,70.91,88.64,3.0,1.0,-1.0
817,72.0,86.0,68.17,83.0,71.67,87.5,70.91,85.55,3.0,1.0,-1.0
818,72.0,85.5,68.17,81.67,71.67,87.67,70.91,84.55,3.0,1.0,-1.0
819,72.0,90.0,68.17,85.5,71.67,89.0,70.91,87.64,3.0,1.0,-1.0
820,72.0,92.33,68.17,89.0,71.67,91.5,70.91,90.73,3.0,1.0,-1.0
821,72.0,88.0,68.17,88.5,71.67,89.67,70.91,88.82,3.0,1.0,-1.0
822,72.0,75.5,68.17,74.67,71.67,77.67,70.91,75.82,3.0,3.0,0.0
823,72.0,88.5,68.17,81.67,71.67,85.0,70.91,84.64,3.0,1.0,-1.0
824,72.0,90.0,68.17,85.33,71.67,89.5,70.91,87.73,3.0,1.0,-1.0
825,72.0,82.0,68.17,80.5,71.67,83.33,70.91,81.82,3.0,2.0,-1.0
826,72.0,85.5,68.17,82.0,71.67,84.0,70.91,83.45,3.0,2.0,-1.0
827,72.0,90.5,68.17,88.5,71.67,90.0,70.91,89.45,3.0,1.0,-1.0
828,72.0,84.0,68.17,80.83,71.67,85.0,70.91,82.64,3.0,2.0,-1.0
829,72.0,85.67,68.17,83.33,71.67,85.5,70.91,84.45,3.0,1.0,-1.0
830,72.0,80.0,68.17,75.17,71.67,75.75,70.91,75.91,3.0,3.0,-1.0
831,72.0,85.0,68.17,80.33,71.67,83.75,70.91,82.45,3.0,2.0,-1.0
832,72.0,91.25,68.17,85.67,71.67,90.0,70.91,89.0,3.0,1.0,-1.0
833,72.0,91.67,68.17,87.5,71.67,88.5,70.91,89.09,3.0,1.0,-1.0
834,72.0,83.5,68.17,82.67,71.67,89.0,70.91,83.64,3.0,2.0,-1.0
835,72.0,77.5,68.17,74.83,71.67,78.33,70.91,76.91,3.0,3.0,0.0
836,72.0,89.5,68.17,84.5,71.67,84.33,70.91,85.45,3.0,1.0,-1.0
837,91.25,82.33,85.67,74.17,90.0,83.0,89.0,79.0,1.0,2.0,1.0
838,91.25,84.0,85.67,78.83,90.0,82.5,89.0,81.55,1.0,2.0,1.0
839,91.25,84.5,85.67,79.0,90.0,85.33,89.0,82.82,1.0,2.0,1.0
840,91.25,87.25,85.67,81.17,90.0,84.0,89.0,84.18,1.0,1.0,0.0
841,91.25,78.0,85.67,72.33,90.0,76.0,89.0,74.45,1.0,3.0,1.0
842,91.25,77.33,85.67,77.5,90.0,78.5,89.0,77.82,1.0,2.0,1.0
843,91.25,79.75,85.67,71.67,90.0,79.0,89.0,76.55,1.0,3.0,1.0
844,91.25,80.5,85.67,77.67,90.0,81.0,89.0,79.55,1.0,2.0,1.0
845,91.25,82.0,85.67,78.83,90.0,79.0,89.0,80.36,1.0,2.0,1.0
846,91.25,79.33,85.67,76.5,90.0,77.0,89.0,77.45,1.0,2.0,1.0
847,91.25,90.33,85.67,86.33,90.0,91.0,89.0,88.64,1.0,1.0,0.0
848,91.25,86.0,85.67,83.0,90.0,87.5,89.0,85.55,1.0,1.0,1.0
849,91.25,85.5,85.67,81.67,90.0,87.67,89.0,84.55,1.0,1.0,-1.0
850,91.25,90.0,85.67,85.5,90.0,89.0,89.0,87.64,1.0,1.0,-1.0
851,91.25,92.33,85.67,89.0,90.0,91.5,89.0,90.73,1.0,1.0,0.0
852,91.25,88.0,85.67,88.5,90.0,89.67,89.0,88.82,1.0,1.0,1.0
853,91.25,75.5,85.67,74.67,90.0,77.67,89.0,75.82,1.0,3.0,1.0
854,91.25,88.5,85.67,81.67,90.0,85.0,89.0,84.64,1.0,1.0,1.0
855,91.25,90.0,85.67,85.33,90.0,89.5,89.0,87.73,1.0,1.0,0.0
856,91.25,82.0,85.67,80.5,90.0,83.33,89.0,81.82,1.0,2.0,1.0
857,91.25,85.5,85.67,82.0,90.0,84.0,89.0,83.45,1.0,2.0,1.0
858,91.25,90.5,85.67,88.5,90.0,90.0,89.0,89.45,1.0,1.0,1.0
859,91.25,84.0,85.67,80.83,90.0,85.0,89.0,82.64,1.0,2.0,1.0
860,91.25,85.67,85.67,83.33,90.0,85.5,89.0,84.45,1.0,1.0,1.0
861,91.25,80.0,85.67,75.17,90.0,75.75,89.0,75.91,1.0,3.0,1.0
862,91.25,85.0,85.67,80.33,90.0,83.75,89.0,82.45,1.0,2.0,1.0
863,91.25,72.0,85.67,68.17,90.0,71.67,89.0,70.91,1.0,3.0,1.0
864,91.25,91.67,85.67,87.5,90.0,88.5,89.0,89.09,1.0,1.0,-1.0
865,91.25,83.5,85.67,82.67,90.0,89.0,89.0,83.64,1.0,2.0,1.0
866,91.25,77.5,85.67,74.83,90.0,78.33,89.0,76.91,1.0,3.0,1.0
867,91.25,89.5,85.67,84.5,90.0,84.33,89.0,85.45,1.0,1.0,1.0
868,91.67,82.33,87.5,74.17,88.5,83.0,89.09,79.0,1.0,2.0,1.0
869,91.67,84.0,87.5,78.83,88.5,82.5,89.09,81.55,1.0,2.0,1.0
870,91.67,84.5,87.5,79.0,88.5,85.33,89.09,82.82,1.0,2.0,1.0
871,91.67,87.25,87.5,81.17,88.5,84.0,89.09,84.18,1.0,1.0,0.0
872,91.67,78.0,87.5,72.33,88.5,76.0,89.09,74.45,1.0,3.0,1.0
873,91.67,77.33,87.5,77.5,88.5,78.5,89.09,77.82,1.0,2.0,1.0
874,91.67,79.75,87.5,71.67,88.5,79.0,89.09,76.55,1.0,3.0,1.0
875,91.67,80.5,87.5,77.67,88.5,81.0,89.09,79.55,1.0,2.0,1.0
876,91.67,82.0,87.5,78.83,88.5,79.0,89.09,80.36,1.0,2.0,1.0
877,91.67,79.33,87.5,76.5,88.5,77.0,89.09,77.45,1.0,2.0,1.0
878,91.67,90.33,87.5,86.33,88.5,91.0,89.09,88.64,1.0,1.0,0.0
879,91.67,86.0,87.5,83.0,88.5,87.5,89.09,85.55,1.0,1.0,1.0
880,91.67,85.5,87.5,81.67,88.5,87.67,89.09,84.55,1.0,1.0,1.0
881,91.67,90.0,87.5,85.5,88.5,89.0,89.09,87.64,1.0,1.0,1.0
882,91.67,92.33,87.5,89.0,88.5,91.5,89.09,90.73,1.0,1.0,1.0
883,91.67,88.0,87.5,88.5,88.5,89.67,89.09,88.82,1.0,1.0,1.0
884,91.67,75.5,87.5,74.67,88.5,77.67,89.09,75.82,1.0,3.0,1.0
885,91.67,88.5,87.5,81.67,88.5,85.0,89.09,84.64,1.0,1.0,0.0
886,91.67,90.0,87.5,85.33,88.5,89.5,89.09,87.73,1.0,1.0,1.0
887,91.67,82.0,87.5,80.5,88.5,83.33,89.09,81.82,1.0,2.0,1.0
888,91.67,85.5,87.5,82.0,88.5,84.0,89.09,83.45,1.0,2.0,1.0
889,91.67,90.5,87.5,88.5,88.5,90.0,89.09,89.45,1.0,1.0,0.0
890,91.67,84.0,87.5,80.83,88.5,85.0,89.09,82.64,1.0,2.0,1.0
891,91.67,85.67,87.5,83.33,88.5,85.5,89.09,84.45,1.0,1.0,0.0
892,91.67,80.0,87.5,75.17,88.5,75.75,89.09,75.91,1.0,3.0,1.0
893,91.67,85.0,87.5,80.33,88.5,83.75,89.09,82.45,1.0,2.0,1.0
894,91.67,72.0,87.5,68.17,88.5,71.67,89.09,70.91,1.0,3.0,1.0
895,91.67,91.25,87.5,85.67,88.5,90.0,89.09,89.0,1.0,1.0,1.0
896,91.67,83.5,87.5,82.67,88.5,89.0,89.09,83.64,1.0,2.0,1.0
897,91.67,77.5,87.5,74.83,88.5,78.33,89.09,76.91,1.0,3.0,1.0
898,91.67,89.5,87.5,84.5,88.5,84.33,89.09,85.45,1.0,1.0,1.0
899,83.5,82.33,82.67,74.17,89.0,83.0,83.64,79.0,2.0,2.0,0.0
900,83.5,84.0,82.67,78.83,89.0,82.5,83.64,81.55,2.0,2.0,0.0
901,83.5,84.5,82.67,79.0,89.0,85.33,83.64,82.82,2.0,2.0,1.0
902,83.5,87.25,82.67,81.17,89.0,84.0,83.64,84.18,2.0,1.0,-1.0
903,83.5,78.0,82.67,72.33,89.0,76.0,83.64,74.45,2.0,3.0,1.0
904,83.5,77.33,82.67,77.5,89.0,78.5,83.64,77.82,2.0,2.0,1.0
905,83.5,79.75,82.67,71.67,89.0,79.0,83.64,76.55,2.0,3.0,1.0
906,83.5,80.5,82.67,77.67,89.0,81.0,83.64,79.55,2.0,2.0,0.0
907,83.5,82.0,82.67,78.83,89.0,79.0,83.64,80.36,2.0,2.0,-1.0
908,83.5,79.33,82.67,76.5,89.0,77.0,83.64,77.45,2.0,2.0,0.0
909,83.5,90.33,82.67,86.33,89.0,91.0,83.64,88.64,2.0,1.0,-1.0
910,83.5,86.0,82.67,83.0,89.0,87.5,83.64,85.55,2.0,1.0,-1.0
911,83.5,85.5,82.67,81.67,89.0,87.67,83.64,84.55,2.0,1.0,-1.0
912,83.5,90.0,82.67,85.5,89.0,89.0,83.64,87.64,2.0,1.0,-1.0
913,83.5,92.33,82.67,89.0,89.0,91.5,83.64,90.73,2.0,1.0,-1.0
914,83.5,88.0,82.67,88.5,89.0,89.67,83.64,88.82,2.0,1.0,-1.0
915,83.5,75.5,82.67,74.67,89.0,77.67,83.64,75.82,2.0,3.0,1.0
916,83.5,88.5,82.67,81.67,89.0,85.0,83.64,84.64,2.0,1.0,1.0
917,83.5,90.0,82.67,85.33,89.0,89.5,83.64,87.73,2.0,1.0,-1.0
918,83.5,82.0,82.67,80.5,89.0,83.33,83.64,81.82,2.0,2.0,0.0
919,83.5,85.5,82.67,82.0,89.0,84.0,83.64,83.45,2.0,2.0,0.0
920,83.5,90.5,82.67,88.5,89.0,90.0,83.64,89.45,2.0,1.0,-1.0
921,83.5,84.0,82.67,80.83,89.0,85.0,83.64,82.64,2.0,2.0,0.0
922,83.5,85.67,82.67,83.33,89.0,85.5,83.64,84.45,2.0,1.0,1.0
923,83.5,80.0,82.67,75.17,89.0,75.75,83.64,75.91,2.0,3.0,1.0
924,83.5,85.0,82.67,80.33,89.0,83.75,83.64,82.45,2.0,2.0,1.0
925,83.5,72.0,82.67,68.17,89.0,71.67,83.64,70.91,2.0,3.0,1.0
926,83.5,91.25,82.67,85.67,89.0,90.0,83.64,89.0,2.0,1.0,-1.0
927,83.5,91.67,82.67,87.5,89.0,88.5,83.64,89.09,2.0,1.0,-1.0
928,83.5,77.5,82.67,74.83,89.0,78.33,83.64,76.91,2.0,3.0,1.0
929,83.5,89.5,82.67,84.5,89.0,84.33,83.64,85.45,2.0,1.0,1.0
930,77.5,82.33,74.83,74.17,78.33,83.0,76.91,79.0,3.0,2.0,-1.0
931,77.5,84.0,74.83,78.83,78.33,82.5,76.91,81.55,3.0,2.0,-1.0
932,77.5,84.5,74.83,79.0,78.33,85.33,76.91,82.82,3.0,2.0,-1.0
933,77.5,87.25,74.83,81.17,78.33,84.0,76.91,84.18,3.0,1.0,-1.0
934,77.5,78.0,74.83,72.33,78.33,76.0,76.91,74.45,3.0,3.0,0.0
935,77.5,77.33,74.83,77.5,78.33,78.5,76.91,77.82,3.0,2.0,-1.0
936,77.5,79.75,74.83,71.67,78.33,79.0,76.91,76.55,3.0,3.0,0.0
937,77.5,80.5,74.83,77.67,78.33,81.0,76.91,79.55,3.0,2.0,0.0
938,77.5,82.0,74.83,78.83,78.33,79.0,76.91,80.36,3.0,2.0,-1.0
939,77.5,79.33,74.83,76.5,78.33,77.0,76.91,77.45,3.0,2.0,-1.0
940,77.5,90.33,74.83,86.33,78.33,91.0,76.91,88.64,3.0,1.0,-1.0
941,77.5,86.0,74.83,83.0,78.33,87.5,76.91,85.55,3.0,1.0,-1.0
942,77.5,85.5,74.83,81.67,78.33,87.67,76.91,84.55,3.0,1.0,-1.0
943,77.5,90.0,74.83,85.5,78.33,89.0,76.91,87.64,3.0,1.0,-1.0
944,77.5,92.33,74.83,89.0,78.33,91.5,76.91,90.73,3.0,1.0,-1.0
945,77.5,88.0,74.83,88.5,78.33,89.67,76.91,88.82,3.0,1.0,-1.0
946,77.5,75.5,74.83,74.67,78.33,77.67,76.91,75.82,3.0,3.0,0.0
947,77.5,88.5,74.83,81.67,78.33,85.0,76.91,84.64,3.0,1.0,-1.0
948,77.5,90.0,74.83,85.33,78.33,89.5,76.91,87.73,3.0,1.0,-1.0
949,77.5,82.0,74.83,80.5,78.33,83.33,76.91,81.82,3.0,2.0,-1.0
950,77.5,85.5,74.83,82.0,78.33,84.0,76.91,83.45,3.0,2.0,-1.0
951,77.5,90.5,74.83,88.5,78.33,90.0,76.91,89.45,3.0,1.0,-1.0
952,77.5,84.0,74.83,80.83,78.33,85.0,76.91,82.64,3.0,2.0,-1.0
953,77.5,85.67,74.83,83.33,78.33,85.5,76.91,84.45,3.0,1.0,-1.0
954,77.5,80.0,74.83,75.17,78.33,75.75,76.91,75.91,3.0,3.0,1.0
955,77.5,85.0,74.83,80.33,78.33,83.75,76.91,82.45,3.0,2.0,-1.0
956,77.5,72.0,74.83,68.17,78.33,71.67,76.91,70.91,3.0,3.0,0.0
957,77.5,91.25,74.83,85.67,78.33,90.0,76.91,89.0,3.0,1.0,-1.0
958,77.5,91.67,74.83,87.5,78.33,88.5,76.91,89.09,3.0,1.0,-1.0
959,77.5,83.5,74.83,82.67,78.33,89.0,76.91,83.64,3.0,2.0,-1.0
960,77.5,89.5,74.83,84.5,78.33,84.33,76.91,85.45,3.0,1.0,-1.0
961,89.5,82.33,84.5,74.17,84.33,83.0,85.45,79.0,1.0,2.0,1.0
962,89.5,84.0,84.5,78.83,84.33,82.5,85.45,81.55,1.0,2.0,1.0
963,89.5,84.5,84.5,79.0,84.33,85.33,85.45,82.82,1.0,2.0,1.0
964,89.5,87.25,84.5,81.17,84.33,84.0,85.45,84.18,1.0,1.0,0.0
965,89.5,78.0,84.5,72.33,84.33,76.0,85.45,74.45,1.0,3.0,1.0
966,89.5,77.33,84.5,77.5,84.33,78.5,85.45,77.82,1.0,2.0,1.0
967,89.5,79.75,84.5,71.67,84.33,79.0,85.45,76.55,1.0,3.0,1.0
968,89.5,80.5,84.5,77.67,84.33,81.0,85.45,79.55,1.0,2.0,1.0
969,89.5,82.0,84.5,78.83,84.33,79.0,85.45,80.36,1.0,2.0,1.0
970,89.5,79.33,84.5,76.5,84.33,77.0,85.45,77.45,1.0,2.0,1.0
971,89.5,90.33,84.5,86.33,84.33,91.0,85.45,88.64,1.0,1.0,0.0
972,89.5,86.0,84.5,83.0,84.33,87.5,85.45,85.55,1.0,1.0,0.0
973,89.5,85.5,84.5,81.67,84.33,87.67,85.45,84.55,1.0,1.0,0.0
974,89.5,90.0,84.5,85.5,84.33,89.0,85.45,87.64,1.0,1.0,1.0
975,89.5,92.33,84.5,89.0,84.33,91.5,85.45,90.73,1.0,1.0,1.0
976,89.5,88.0,84.5,88.5,84.33,89.67,85.45,88.82,1.0,1.0,-1.0
977,89.5,75.5,84.5,74.67,84.33,77.67,85.45,75.82,1.0,3.0,1.0
978,89.5,88.5,84.5,81.67,84.33,85.0,85.45,84.64,1.0,1.0,1.0
979,89.5,90.0,84.5,85.33,84.33,89.5,85.45,87.73,1.0,1.0,0.0
980,89.5,82.0,84.5,80.5,84.33,83.33,85.45,81.82,1.0,2.0,1.0
981,89.5,85.5,84.5,82.0,84.33,84.0,85.45,83.45,1.0,2.0,1.0
982,89.5,90.5,84.5,88.5,84.33,90.0,85.45,89.45,1.0,1.0,-1.0
983,89.5,84.0,84.5,80.83,84.33,85.0,85.45,82.64,1.0,2.0,1.0
984,89.5,85.67,84.5,83.33,84.33,85.5,85.45,84.45,1.0,1.0,0.0
985,89.5,80.0,84.5,75.17,84.33,75.75,85.45,75.91,1.0,3.0,1.0
986,89.5,85.0,84.5,80.33,84.33,83.75,85.45,82.45,1.0,2.0,-1.0
987,89.5,72.0,84.5,68.17,84.33,71.67,85.45,70.91,1.0,3.0,1.0
988,89.5,91.25,84.5,85.67,84.33,90.0,85.45,89.0,1.0,1.0,-1.0
989,89.5,91.67,84.5,87.5,84.33,88.5,85.45,89.09,1.0,1.0,-1.0
990,89.5,83.5,84.5,82.67,84.33,89.0,85.45,83.64,1.0,2.0,-1.0
991,89.5,77.5,84.5,74.83,84.33,78.33,85.45,76.91,1.0,3.0,1.0
